Red,Green,Blue,Name
0,0,0,black
0,0,16,black
0,0,32,black
0,0,48,black
0,0,64,midnightblue
0,0,80,midnightblue
0,0,96,navy
0,0,112,navy
0,0,128,navy
0,0,144,darkblue
0,0,160,darkblue
0,0,176,mediumblue
0,0,192,mediumblue
0,0,208,mediumblue
0,0,224,mediumblue
0,0,240,blue
0,16,0,black
0,16,16,black
0,16,32,black
0,16,48,black
0,16,64,midnightblue
0,16,80,midnightblue
0,16,96,midnightblue
0,16,112,navy
0,16,128,navy
0,16,144,darkblue
0,16,160,darkblue
0,16,176,mediumblue
0,16,192,mediumblue
0,16,208,mediumblue
0,16,224,mediumblue
0,16,240,blue
0,32,0,black
0,32,16,black
0,32,32,black
0,32,48,black
0,32,64,midnightblue
0,32,80,midnightblue
0,32,96,midnightblue
0,32,112,midnightblue
0,32,128,midnightblue
0,32,144,darkblue
0,32,160,darkblue
0,32,176,mediumblue
0,32,192,mediumblue
0,32,208,mediumblue
0,32,224,mediumblue
0,32,240,blue
0,48,0,black
0,48,16,black
0,48,32,black
0,48,48,darkslategray
0,48,64,darkslategray
0,48,80,midnightblue
0,48,96,midnightblue
0,48,112,midnightblue
0,48,128,midnightblue
0,48,144,midnightblue
0,48,160,darkblue
0,48,176,mediumblue
0,48,192,mediumblue
0,48,208,mediumblue
0,48,224,mediumblue
0,48,240,blue
0,64,0,darkgreen
0,64,16,darkgreen
0,64,32,darkgreen
0,64,48,darkslategray
0,64,64,darkslategray
0,64,80,darkslategray
0,64,96,midnightblue
0,64,112,midnightblue
0,64,128,midnightblue
0,64,144,midnightblue
0,64,160,midnightblue
0,64,176,mediumblue
0,64,192,mediumblue
0,64,208,mediumblue
0,64,224,mediumblue
0,64,240,blue
0,80,0,darkgreen
0,80,16,darkgreen
0,80,32,darkgreen
0,80,48,darkgreen
0,80,64,darkslategray
0,80,80,darkslategray
0,80,96,darkslategray
0,80,112,teal
0,80,128,teal
0,80,144,teal
0,80,160,teal
0,80,176,teal
0,80,192,royalblue
0,80,208,royalblue
0,80,224,royalblue
0,80,240,royalblue
0,96,0,darkgreen
0,96,16,darkgreen
0,96,32,darkgreen
0,96,48,darkgreen
0,96,64,darkslategray
0,96,80,darkslategray
0,96,96,teal
0,96,112,teal
0,96,128,teal
0,96,144,teal
0,96,160,teal
0,96,176,darkcyan
0,96,192,darkcyan
0,96,208,royalblue
0,96,224,dodgerblue
0,96,240,dodgerblue
0,112,0,darkgreen
0,112,16,darkgreen
0,112,32,darkgreen
0,112,48,forestgreen
0,112,64,forestgreen
0,112,80,teal
0,112,96,teal
0,112,112,teal
0,112,128,teal
0,112,144,teal
0,112,160,darkcyan
0,112,176,darkcyan
0,112,192,darkcyan
0,112,208,dodgerblue
0,112,224,dodgerblue
0,112,240,dodgerblue
0,128,0,green
0,128,16,green
0,128,32,green
0,128,48,forestgreen
0,128,64,forestgreen
0,128,80,seagreen
0,128,96,teal
0,128,112,teal
0,128,128,teal
0,128,144,darkcyan
0,128,160,darkcyan
0,128,176,darkcyan
0,128,192,darkcyan
0,128,208,dodgerblue
0,128,224,dodgerblue
0,128,240,dodgerblue
0,144,0,green
0,144,16,green
0,144,32,forestgreen
0,144,48,forestgreen
0,144,64,forestgreen
0,144,80,seagreen
0,144,96,teal
0,144,112,teal
0,144,128,darkcyan
0,144,144,darkcyan
0,144,160,darkcyan
0,144,176,darkcyan
0,144,192,lightseagreen
0,144,208,dodgerblue
0,144,224,dodgerblue
0,144,240,dodgerblue
0,160,0,green
0,160,16,green
0,160,32,forestgreen
0,160,48,forestgreen
0,160,64,forestgreen
0,160,80,seagreen
0,160,96,teal
0,160,112,darkcyan
0,160,128,darkcyan
0,160,144,darkcyan
0,160,160,darkcyan
0,160,176,lightseagreen
0,160,192,lightseagreen
0,160,208,darkturquoise
0,160,224,deepskyblue
0,160,240,deepskyblue
0,176,0,green
0,176,16,green
0,176,32,forestgreen
0,176,48,forestgreen
0,176,64,forestgreen
0,176,80,seagreen
0,176,96,darkcyan
0,176,112,darkcyan
0,176,128,darkcyan
0,176,144,darkcyan
0,176,160,lightseagreen
0,176,176,lightseagreen
0,176,192,darkturquoise
0,176,208,darkturquoise
0,176,224,darkturquoise
0,176,240,deepskyblue
0,192,0,lime
0,192,16,limegreen
0,192,32,limegreen
0,192,48,limegreen
0,192,64,limegreen
0,192,80,limegreen
0,192,96,mediumseagreen
0,192,112,darkcyan
0,192,128,darkcyan
0,192,144,lightseagreen
0,192,160,lightseagreen
0,192,176,lightseagreen
0,192,192,darkturquoise
0,192,208,darkturquoise
0,192,224,darkturquoise
0,192,240,deepskyblue
0,208,0,lime
0,208,16,lime
0,208,32,limegreen
0,208,48,limegreen
0,208,64,limegreen
0,208,80,limegreen
0,208,96,springgreen
0,208,112,springgreen
0,208,128,springgreen
0,208,144,mediumspringgreen
0,208,160,mediumspringgreen
0,208,176,darkturquoise
0,208,192,darkturquoise
0,208,208,darkturquoise
0,208,224,darkturquoise
0,208,240,deepskyblue
0,224,0,lime
0,224,16,lime
0,224,32,lime
0,224,48,limegreen
0,224,64,limegreen
0,224,80,springgreen
0,224,96,springgreen
0,224,112,springgreen
0,224,128,springgreen
0,224,144,mediumspringgreen
0,224,160,mediumspringgreen
0,224,176,mediumspringgreen
0,224,192,darkturquoise
0,224,208,darkturquoise
0,224,224,darkturquoise
0,224,240,aqua
0,240,0,lime
0,240,16,lime
0,240,32,lime
0,240,48,lime
0,240,64,limegreen
0,240,80,springgreen
0,240,96,springgreen
0,240,112,springgreen
0,240,128,springgreen
0,240,144,mediumspringgreen
0,240,160,mediumspringgreen
0,240,176,mediumspringgreen
0,240,192,darkturquoise
0,240,208,darkturquoise
0,240,224,aqua
0,240,240,aqua
16,0,0,black
16,0,16,black
16,0,32,black
16,0,48,black
16,0,64,midnightblue
16,0,80,midnightblue
16,0,96,midnightblue
16,0,112,navy
16,0,128,navy
16,0,144,darkblue
16,0,160,darkblue
16,0,176,mediumblue
16,0,192,mediumblue
16,0,208,mediumblue
16,0,224,mediumblue
16,0,240,blue
16,16,0,black
16,16,16,black
16,16,32,black
16,16,48,black
16,16,64,midnightblue
16,16,80,midnightblue
16,16,96,midnightblue
16,16,112,midnightblue
16,16,128,midnightblue
16,16,144,darkblue
16,16,160,darkblue
16,16,176,mediumblue
16,16,192,mediumblue
16,16,208,mediumblue
16,16,224,mediumblue
16,16,240,blue
16,32,0,black
16,32,16,black
16,32,32,black
16,32,48,black
16,32,64,midnightblue
16,32,80,midnightblue
16,32,96,midnightblue
16,32,112,midnightblue
16,32,128,midnightblue
16,32,144,midnightblue
16,32,160,darkblue
16,32,176,mediumblue
16,32,192,mediumblue
16,32,208,mediumblue
16,32,224,mediumblue
16,32,240,blue
16,48,0,black
16,48,16,black
16,48,32,black
16,48,48,darkslategray
16,48,64,darkslategray
16,48,80,midnightblue
16,48,96,midnightblue
16,48,112,midnightblue
16,48,128,midnightblue
16,48,144,midnightblue
16,48,160,midnightblue
16,48,176,mediumblue
16,48,192,mediumblue
16,48,208,mediumblue
16,48,224,mediumblue
16,48,240,blue
16,64,0,darkgreen
16,64,16,darkgreen
16,64,32,darkgreen
16,64,48,darkslategray
16,64,64,darkslategray
16,64,80,darkslategray
16,64,96,darkslategray
16,64,112,midnightblue
16,64,128,midnightblue
16,64,144,midnightblue
16,64,160,darkslateblue
16,64,176,darkslateblue
16,64,192,mediumblue
16,64,208,mediumblue
16,64,224,royalblue
16,64,240,royalblue
16,80,0,darkgreen
16,80,16,darkgreen
16,80,32,darkgreen
16,80,48,darkslategray
16,80,64,darkslategray
16,80,80,darkslategray
16,80,96,darkslategray
16,80,112,darkslategray
16,80,128,teal
16,80,144,teal
16,80,160,teal
16,80,176,teal
16,80,192,royalblue
16,80,208,royalblue
16,80,224,royalblue
16,80,240,royalblue
16,96,0,darkgreen
16,96,16,darkgreen
16,96,32,darkgreen
16,96,48,darkslategray
16,96,64,darkslategray
16,96,80,darkslategray
16,96,96,darkslategray
16,96,112,teal
16,96,128,teal
16,96,144,teal
16,96,160,teal
16,96,176,darkcyan
16,96,192,royalblue
16,96,208,royalblue
16,96,224,royalblue
16,96,240,royalblue
16,112,0,darkgreen
16,112,16,darkgreen
16,112,32,forestgreen
16,112,48,forestgreen
16,112,64,forestgreen
16,112,80,seagreen
16,112,96,teal
16,112,112,teal
16,112,128,teal
16,112,144,teal
16,112,160,darkcyan
16,112,176,darkcyan
16,112,192,steelblue
16,112,208,royalblue
16,112,224,dodgerblue
16,112,240,dodgerblue
16,128,0,green
16,128,16,green
16,128,32,forestgreen
16,128,48,forestgreen
16,128,64,forestgreen
16,128,80,seagreen
16,128,96,seagreen
16,128,112,teal
16,128,128,teal
16,128,144,darkcyan
16,128,160,darkcyan
16,128,176,darkcyan
16,128,192,steelblue
16,128,208,dodgerblue
16,128,224,dodgerblue
16,128,240,dodgerblue
16,144,0,green
16,144,16,forestgreen
16,144,32,forestgreen
16,144,48,forestgreen
16,144,64,forestgreen
16,144,80,seagreen
16,144,96,seagreen
16,144,112,teal
16,144,128,darkcyan
16,144,144,darkcyan
16,144,160,darkcyan
16,144,176,lightseagreen
16,144,192,lightseagreen
16,144,208,dodgerblue
16,144,224,dodgerblue
16,144,240,dodgerblue
16,160,0,green
16,160,16,forestgreen
16,160,32,forestgreen
16,160,48,forestgreen
16,160,64,forestgreen
16,160,80,seagreen
16,160,96,seagreen
16,160,112,darkcyan
16,160,128,darkcyan
16,160,144,darkcyan
16,160,160,lightseagreen
16,160,176,lightseagreen
16,160,192,lightseagreen
16,160,208,lightseagreen
16,160,224,dodgerblue
16,160,240,dodgerblue
16,176,0,green
16,176,16,forestgreen
16,176,32,forestgreen
16,176,48,forestgreen
16,176,64,limegreen
16,176,80,seagreen
16,176,96,mediumseagreen
16,176,112,mediumseagreen
16,176,128,darkcyan
16,176,144,lightseagreen
16,176,160,lightseagreen
16,176,176,lightseagreen
16,176,192,lightseagreen
16,176,208,darkturquoise
16,176,224,darkturquoise
16,176,240,deepskyblue
16,192,0,limegreen
16,192,16,limegreen
16,192,32,limegreen
16,192,48,limegreen
16,192,64,limegreen
16,192,80,limegreen
16,192,96,mediumseagreen
16,192,112,mediumseagreen
16,192,128,lightseagreen
16,192,144,lightseagreen
16,192,160,lightseagreen
16,192,176,lightseagreen
16,192,192,darkturquoise
16,192,208,darkturquoise
16,192,224,darkturquoise
16,192,240,deepskyblue
16,208,0,lime
16,208,16,limegreen
16,208,32,limegreen
16,208,48,limegreen
16,208,64,limegreen
16,208,80,limegreen
16,208,96,mediumseagreen
16,208,112,springgreen
16,208,128,springgreen
16,208,144,lightseagreen
16,208,160,lightseagreen
16,208,176,lightseagreen
16,208,192,darkturquoise
16,208,208,darkturquoise
16,208,224,darkturquoise
16,208,240,deepskyblue
16,224,0,lime
16,224,16,lime
16,224,32,limegreen
16,224,48,limegreen
16,224,64,limegreen
16,224,80,limegreen
16,224,96,springgreen
16,224,112,springgreen
16,224,128,springgreen
16,224,144,mediumspringgreen
16,224,160,mediumspringgreen
16,224,176,mediumspringgreen
16,224,192,darkturquoise
16,224,208,darkturquoise
16,224,224,darkturquoise
16,224,240,aqua
16,240,0,lime
16,240,16,lime
16,240,32,lime
16,240,48,limegreen
16,240,64,limegreen
16,240,80,springgreen
16,240,96,springgreen
16,240,112,springgreen
16,240,128,springgreen
16,240,144,mediumspringgreen
16,240,160,mediumspringgreen
16,240,176,mediumspringgreen
16,240,192,darkturquoise
16,240,208,darkturquoise
16,240,224,aqua
16,240,240,aqua
32,0,0,black
32,0,16,black
32,0,32,black
32,0,48,black
32,0,64,midnightblue
32,0,80,midnightblue
32,0,96,midnightblue
32,0,112,midnightblue
32,0,128,midnightblue
32,0,144,darkblue
32,0,160,darkblue
32,0,176,mediumblue
32,0,192,mediumblue
32,0,208,mediumblue
32,0,224,mediumblue
32,0,240,blue
32,16,0,black
32,16,16,black
32,16,32,black
32,16,48,black
32,16,64,midnightblue
32,16,80,midnightblue
32,16,96,midnightblue
32,16,112,midnightblue
32,16,128,midnightblue
32,16,144,midnightblue
32,16,160,darkblue
32,16,176,mediumblue
32,16,192,mediumblue
32,16,208,mediumblue
32,16,224,mediumblue
32,16,240,blue
32,32,0,black
32,32,16,black
32,32,32,black
32,32,48,darkslategray
32,32,64,midnightblue
32,32,80,midnightblue
32,32,96,midnightblue
32,32,112,midnightblue
32,32,128,midnightblue
32,32,144,midnightblue
32,32,160,midnightblue
32,32,176,mediumblue
32,32,192,mediumblue
32,32,208,mediumblue
32,32,224,mediumblue
32,32,240,blue
32,48,0,black
32,48,16,black
32,48,32,darkslategray
32,48,48,darkslategray
32,48,64,darkslategray
32,48,80,darkslategray
32,48,96,midnightblue
32,48,112,midnightblue
32,48,128,midnightblue
32,48,144,midnightblue
32,48,160,darkslateblue
32,48,176,darkslateblue
32,48,192,mediumblue
32,48,208,mediumblue
32,48,224,mediumblue
32,48,240,blue
32,64,0,darkgreen
32,64,16,darkgreen
32,64,32,darkslategray
32,64,48,darkslategray
32,64,64,darkslategray
32,64,80,darkslategray
32,64,96,darkslategray
32,64,112,darkslategray
32,64,128,darkslateblue
32,64,144,darkslateblue
32,64,160,darkslateblue
32,64,176,darkslateblue
32,64,192,royalblue
32,64,208,royalblue
32,64,224,royalblue
32,64,240,royalblue
32,80,0,darkgreen
32,80,16,darkgreen
32,80,32,darkslategray
32,80,48,darkslategray
32,80,64,darkslategray
32,80,80,darkslategray
32,80,96,darkslategray
32,80,112,darkslategray
32,80,128,darkslateblue
32,80,144,darkslateblue
32,80,160,darkslateblue
32,80,176,darkslateblue
32,80,192,royalblue
32,80,208,royalblue
32,80,224,royalblue
32,80,240,royalblue
32,96,0,darkgreen
32,96,16,darkgreen
32,96,32,forestgreen
32,96,48,darkslategray
32,96,64,darkslategray
32,96,80,darkslategray
32,96,96,darkslategray
32,96,112,darkslategray
32,96,128,teal
32,96,144,teal
32,96,160,steelblue
32,96,176,steelblue
32,96,192,royalblue
32,96,208,royalblue
32,96,224,royalblue
32,96,240,royalblue
32,112,0,darkgreen
32,112,16,forestgreen
32,112,32,forestgreen
32,112,48,forestgreen
32,112,64,seagreen
32,112,80,seagreen
32,112,96,seagreen
32,112,112,teal
32,112,128,teal
32,112,144,teal
32,112,160,steelblue
32,112,176,steelblue
32,112,192,steelblue
32,112,208,royalblue
32,112,224,royalblue
32,112,240,dodgerblue
32,128,0,green
32,128,16,forestgreen
32,128,32,forestgreen
32,128,48,forestgreen
32,128,64,seagreen
32,128,80,seagreen
32,128,96,seagreen
32,128,112,seagreen
32,128,128,teal
32,128,144,darkcyan
32,128,160,darkcyan
32,128,176,steelblue
32,128,192,steelblue
32,128,208,royalblue
32,128,224,dodgerblue
32,128,240,dodgerblue
32,144,0,forestgreen
32,144,16,forestgreen
32,144,32,forestgreen
32,144,48,forestgreen
32,144,64,seagreen
32,144,80,seagreen
32,144,96,seagreen
32,144,112,seagreen
32,144,128,darkcyan
32,144,144,darkcyan
32,144,160,lightseagreen
32,144,176,lightseagreen
32,144,192,lightseagreen
32,144,208,dodgerblue
32,144,224,dodgerblue
32,144,240,dodgerblue
32,160,0,forestgreen
32,160,16,forestgreen
32,160,32,forestgreen
32,160,48,forestgreen
32,160,64,seagreen
32,160,80,seagreen
32,160,96,seagreen
32,160,112,mediumseagreen
32,160,128,mediumseagreen
32,160,144,lightseagreen
32,160,160,lightseagreen
32,160,176,lightseagreen
32,160,192,lightseagreen
32,160,208,lightseagreen
32,160,224,dodgerblue
32,160,240,dodgerblue
32,176,0,forestgreen
32,176,16,forestgreen
32,176,32,forestgreen
32,176,48,limegreen
32,176,64,limegreen
32,176,80,seagreen
32,176,96,mediumseagreen
32,176,112,mediumseagreen
32,176,128,mediumseagreen
32,176,144,lightseagreen
32,176,160,lightseagreen
32,176,176,lightseagreen
32,176,192,lightseagreen
32,176,208,lightseagreen
32,176,224,dodgerblue
32,176,240,dodgerblue
32,192,0,limegreen
32,192,16,limegreen
32,192,32,limegreen
32,192,48,limegreen
32,192,64,limegreen
32,192,80,limegreen
32,192,96,mediumseagreen
32,192,112,mediumseagreen
32,192,128,mediumseagreen
32,192,144,lightseagreen
32,192,160,lightseagreen
32,192,176,lightseagreen
32,192,192,lightseagreen
32,192,208,darkturquoise
32,192,224,darkturquoise
32,192,240,deepskyblue
32,208,0,limegreen
32,208,16,limegreen
32,208,32,limegreen
32,208,48,limegreen
32,208,64,limegreen
32,208,80,limegreen
32,208,96,mediumseagreen
32,208,112,mediumseagreen
32,208,128,mediumseagreen
32,208,144,lightseagreen
32,208,160,lightseagreen
32,208,176,lightseagreen
32,208,192,darkturquoise
32,208,208,darkturquoise
32,208,224,darkturquoise
32,208,240,deepskyblue
32,224,0,lime
32,224,16,limegreen
32,224,32,limegreen
32,224,48,limegreen
32,224,64,limegreen
32,224,80,limegreen
32,224,96,limegreen
32,224,112,springgreen
32,224,128,springgreen
32,224,144,mediumspringgreen
32,224,160,mediumspringgreen
32,224,176,turquoise
32,224,192,turquoise
32,224,208,turquoise
32,224,224,turquoise
32,224,240,turquoise
32,240,0,lime
32,240,16,lime
32,240,32,limegreen
32,240,48,limegreen
32,240,64,limegreen
32,240,80,limegreen
32,240,96,springgreen
32,240,112,springgreen
32,240,128,springgreen
32,240,144,mediumspringgreen
32,240,160,mediumspringgreen
32,240,176,mediumspringgreen
32,240,192,turquoise
32,240,208,turquoise
32,240,224,turquoise
32,240,240,aqua
48,0,0,black
48,0,16,black
48,0,32,black
48,0,48,black
48,0,64,midnightblue
48,0,80,midnightblue
48,0,96,midnightblue
48,0,112,indigo
48,0,128,indigo
48,0,144,indigo
48,0,160,indigo
48,0,176,indigo
48,0,192,mediumblue
48,0,208,mediumblue
48,0,224,mediumblue
48,0,240,blue
48,16,0,black
48,16,16,black
48,16,32,black
48,16,48,midnightblue
48,16,64,midnightblue
48,16,80,midnightblue
48,16,96,midnightblue
48,16,112,midnightblue
48,16,128,midnightblue
48,16,144,indigo
48,16,160,indigo
48,16,176,indigo
48,16,192,mediumblue
48,16,208,mediumblue
48,16,224,mediumblue
48,16,240,blue
48,32,0,black
48,32,16,black
48,32,32,black
48,32,48,darkslategray
48,32,64,darkslategray
48,32,80,midnightblue
48,32,96,midnightblue
48,32,112,midnightblue
48,32,128,midnightblue
48,32,144,darkslateblue
48,32,160,darkslateblue
48,32,176,darkslateblue
48,32,192,mediumblue
48,32,208,mediumblue
48,32,224,mediumblue
48,32,240,blue
48,48,0,black
48,48,16,black
48,48,32,darkslategray
48,48,48,darkslategray
48,48,64,darkslategray
48,48,80,darkslategray
48,48,96,darkslategray
48,48,112,midnightblue
48,48,128,darkslateblue
48,48,144,darkslateblue
48,48,160,darkslateblue
48,48,176,darkslateblue
48,48,192,darkslateblue
48,48,208,royalblue
48,48,224,royalblue
48,48,240,royalblue
48,64,0,darkgreen
48,64,16,darkgreen
48,64,32,darkslategray
48,64,48,darkslategray
48,64,64,darkslategray
48,64,80,darkslategray
48,64,96,darkslategray
48,64,112,darkslateblue
48,64,128,darkslateblue
48,64,144,darkslateblue
48,64,160,darkslateblue
48,64,176,darkslateblue
48,64,192,royalblue
48,64,208,royalblue
48,64,224,royalblue
48,64,240,royalblue
48,80,0,darkgreen
48,80,16,darkgreen
48,80,32,darkslategray
48,80,48,darkslategray
48,80,64,darkslategray
48,80,80,darkslategray
48,80,96,darkslategray
48,80,112,darkslategray
48,80,128,darkslateblue
48,80,144,darkslateblue
48,80,160,darkslateblue
48,80,176,darkslateblue
48,80,192,royalblue
48,80,208,royalblue
48,80,224,royalblue
48,80,240,royalblue
48,96,0,darkgreen
48,96,16,forestgreen
48,96,32,darkolivegreen
48,96,48,darkslategray
48,96,64,darkslategray
48,96,80,darkslategray
48,96,96,darkslategray
48,96,112,darkslategray
48,96,128,darkslateblue
48,96,144,darkslateblue
48,96,160,steelblue
48,96,176,steelblue
48,96,192,royalblue
48,96,208,royalblue
48,96,224,royalblue
48,96,240,royalblue
48,112,0,forestgreen
48,112,16,forestgreen
48,112,32,forestgreen
48,112,48,forestgreen
48,112,64,seagreen
48,112,80,seagreen
48,112,96,seagreen
48,112,112,seagreen
48,112,128,seagreen
48,112,144,steelblue
48,112,160,steelblue
48,112,176,steelblue
48,112,192,steelblue
48,112,208,royalblue
48,112,224,royalblue
48,112,240,royalblue
48,128,0,forestgreen
48,128,16,forestgreen
48,128,32,forestgreen
48,128,48,forestgreen
48,128,64,seagreen
48,128,80,seagreen
48,128,96,seagreen
48,128,112,seagreen
48,128,128,seagreen
48,128,144,steelblue
48,128,160,steelblue
48,128,176,steelblue
48,128,192,steelblue
48,128,208,royalblue
48,128,224,royalblue
48,128,240,dodgerblue
48,144,0,forestgreen
48,144,16,forestgreen
48,144,32,forestgreen
48,144,48,forestgreen
48,144,64,seagreen
48,144,80,seagreen
48,144,96,seagreen
48,144,112,seagreen
48,144,128,mediumseagreen
48,144,144,steelblue
48,144,160,steelblue
48,144,176,steelblue
48,144,192,steelblue
48,144,208,steelblue
48,144,224,dodgerblue
48,144,240,dodgerblue
48,160,0,forestgreen
48,160,16,forestgreen
48,160,32,forestgreen
48,160,48,forestgreen
48,160,64,seagreen
48,160,80,seagreen
48,160,96,seagreen
48,160,112,mediumseagreen
48,160,128,mediumseagreen
48,160,144,lightseagreen
48,160,160,lightseagreen
48,160,176,lightseagreen
48,160,192,lightseagreen
48,160,208,lightseagreen
48,160,224,dodgerblue
48,160,240,dodgerblue
48,176,0,forestgreen
48,176,16,forestgreen
48,176,32,limegreen
48,176,48,limegreen
48,176,64,limegreen
48,176,80,mediumseagreen
48,176,96,mediumseagreen
48,176,112,mediumseagreen
48,176,128,mediumseagreen
48,176,144,lightseagreen
48,176,160,lightseagreen
48,176,176,lightseagreen
48,176,192,lightseagreen
48,176,208,mediumturquoise
48,176,224,mediumturquoise
48,176,240,dodgerblue
48,192,0,limegreen
48,192,16,limegreen
48,192,32,limegreen
48,192,48,limegreen
48,192,64,limegreen
48,192,80,limegreen
48,192,96,mediumseagreen
48,192,112,mediumseagreen
48,192,128,mediumseagreen
48,192,144,lightseagreen
48,192,160,lightseagreen
48,192,176,lightseagreen
48,192,192,lightseagreen
48,192,208,mediumturquoise
48,192,224,mediumturquoise
48,192,240,mediumturquoise
48,208,0,limegreen
48,208,16,limegreen
48,208,32,limegreen
48,208,48,limegreen
48,208,64,limegreen
48,208,80,limegreen
48,208,96,mediumseagreen
48,208,112,mediumseagreen
48,208,128,mediumseagreen
48,208,144,lightseagreen
48,208,160,lightseagreen
48,208,176,lightseagreen
48,208,192,mediumturquoise
48,208,208,turquoise
48,208,224,turquoise
48,208,240,turquoise
48,224,0,limegreen
48,224,16,limegreen
48,224,32,limegreen
48,224,48,limegreen
48,224,64,limegreen
48,224,80,limegreen
48,224,96,mediumseagreen
48,224,112,mediumseagreen
48,224,128,mediumseagreen
48,224,144,lightseagreen
48,224,160,lightseagreen
48,224,176,turquoise
48,224,192,turquoise
48,224,208,turquoise
48,224,224,turquoise
48,224,240,turquoise
48,240,0,lime
48,240,16,limegreen
48,240,32,limegreen
48,240,48,limegreen
48,240,64,limegreen
48,240,80,limegreen
48,240,96,limegreen
48,240,112,springgreen
48,240,128,springgreen
48,240,144,mediumspringgreen
48,240,160,mediumspringgreen
48,240,176,turquoise
48,240,192,turquoise
48,240,208,turquoise
48,240,224,turquoise
48,240,240,turquoise
64,0,0,black
64,0,16,black
64,0,32,black
64,0,48,midnightblue
64,0,64,midnightblue
64,0,80,indigo
64,0,96,indigo
64,0,112,indigo
64,0,128,indigo
64,0,144,indigo
64,0,160,indigo
64,0,176,indigo
64,0,192,indigo
64,0,208,mediumblue
64,0,224,mediumblue
64,0,240,blue
64,16,0,black
64,16,16,black
64,16,32,black
64,16,48,darkslategray
64,16,64,midnightblue
64,16,80,midnightblue
64,16,96,indigo
64,16,112,indigo
64,16,128,indigo
64,16,144,indigo
64,16,160,indigo
64,16,176,indigo
64,16,192,rebeccapurple
64,16,208,mediumblue
64,16,224,mediumblue
64,16,240,blue
64,32,0,black
64,32,16,black
64,32,32,darkslategray
64,32,48,darkslategray
64,32,64,darkslategray
64,32,80,darkslategray
64,32,96,midnightblue
64,32,112,indigo
64,32,128,darkslateblue
64,32,144,darkslateblue
64,32,160,darkslateblue
64,32,176,darkslateblue
64,32,192,rebeccapurple
64,32,208,rebeccapurple
64,32,224,royalblue
64,32,240,blue
64,48,0,darkolivegreen
64,48,16,darkolivegreen
64,48,32,darkslategray
64,48,48,darkslategray
64,48,64,darkslategray
64,48,80,darkslategray
64,48,96,darkslategray
64,48,112,darkslateblue
64,48,128,darkslateblue
64,48,144,darkslateblue
64,48,160,darkslateblue
64,48,176,darkslateblue
64,48,192,rebeccapurple
64,48,208,slateblue
64,48,224,royalblue
64,48,240,royalblue
64,64,0,darkolivegreen
64,64,16,darkolivegreen
64,64,32,darkolivegreen
64,64,48,darkslategray
64,64,64,darkslategray
64,64,80,darkslategray
64,64,96,darkslategray
64,64,112,darkslateblue
64,64,128,darkslateblue
64,64,144,darkslateblue
64,64,160,darkslateblue
64,64,176,darkslateblue
64,64,192,slateblue
64,64,208,royalblue
64,64,224,royalblue
64,64,240,royalblue
64,80,0,darkolivegreen
64,80,16,darkolivegreen
64,80,32,darkolivegreen
64,80,48,darkolivegreen
64,80,64,darkslategray
64,80,80,darkslategray
64,80,96,darkslategray
64,80,112,darkslateblue
64,80,128,darkslateblue
64,80,144,darkslateblue
64,80,160,darkslateblue
64,80,176,darkslateblue
64,80,192,royalblue
64,80,208,royalblue
64,80,224,royalblue
64,80,240,royalblue
64,96,0,darkolivegreen
64,96,16,darkolivegreen
64,96,32,darkolivegreen
64,96,48,darkolivegreen
64,96,64,darkslategray
64,96,80,darkslategray
64,96,96,darkslategray
64,96,112,darkslategray
64,96,128,darkslateblue
64,96,144,darkslateblue
64,96,160,steelblue
64,96,176,steelblue
64,96,192,royalblue
64,96,208,royalblue
64,96,224,royalblue
64,96,240,royalblue
64,112,0,darkolivegreen
64,112,16,darkolivegreen
64,112,32,darkolivegreen
64,112,48,darkolivegreen
64,112,64,darkolivegreen
64,112,80,seagreen
64,112,96,seagreen
64,112,112,seagreen
64,112,128,dimgray
64,112,144,steelblue
64,112,160,steelblue
64,112,176,steelblue
64,112,192,steelblue
64,112,208,royalblue
64,112,224,royalblue
64,112,240,royalblue
64,128,0,forestgreen
64,128,16,forestgreen
64,128,32,forestgreen
64,128,48,darkolivegreen
64,128,64,seagreen
64,128,80,seagreen
64,128,96,seagreen
64,128,112,seagreen
64,128,128,seagreen
64,128,144,steelblue
64,128,160,steelblue
64,128,176,steelblue
64,128,192,steelblue
64,128,208,royalblue
64,128,224,royalblue
64,128,240,royalblue
64,144,0,forestgreen
64,144,16,forestgreen
64,144,32,forestgreen
64,144,48,forestgreen
64,144,64,seagreen
64,144,80,seagreen
64,144,96,seagreen
64,144,112,seagreen
64,144,128,mediumseagreen
64,144,144,cadetblue
64,144,160,steelblue
64,144,176,steelblue
64,144,192,steelblue
64,144,208,steelblue
64,144,224,cornflowerblue
64,144,240,cornflowerblue
64,160,0,forestgreen
64,160,16,forestgreen
64,160,32,forestgreen
64,160,48,forestgreen
64,160,64,seagreen
64,160,80,seagreen
64,160,96,mediumseagreen
64,160,112,mediumseagreen
64,160,128,mediumseagreen
64,160,144,cadetblue
64,160,160,cadetblue
64,160,176,steelblue
64,160,192,steelblue
64,160,208,steelblue
64,160,224,cornflowerblue
64,160,240,cornflowerblue
64,176,0,forestgreen
64,176,16,limegreen
64,176,32,limegreen
64,176,48,limegreen
64,176,64,limegreen
64,176,80,mediumseagreen
64,176,96,mediumseagreen
64,176,112,mediumseagreen
64,176,128,mediumseagreen
64,176,144,mediumseagreen
64,176,160,lightseagreen
64,176,176,lightseagreen
64,176,192,mediumturquoise
64,176,208,mediumturquoise
64,176,224,mediumturquoise
64,176,240,cornflowerblue
64,192,0,limegreen
64,192,16,limegreen
64,192,32,limegreen
64,192,48,limegreen
64,192,64,limegreen
64,192,80,limegreen
64,192,96,mediumseagreen
64,192,112,mediumseagreen
64,192,128,mediumseagreen
64,192,144,mediumseagreen
64,192,160,lightseagreen
64,192,176,mediumturquoise
64,192,192,mediumturquoise
64,192,208,mediumturquoise
64,192,224,mediumturquoise
64,192,240,mediumturquoise
64,208,0,limegreen
64,208,16,limegreen
64,208,32,limegreen
64,208,48,limegreen
64,208,64,limegreen
64,208,80,limegreen
64,208,96,mediumseagreen
64,208,112,mediumseagreen
64,208,128,mediumseagreen
64,208,144,mediumseagreen
64,208,160,mediumaquamarine
64,208,176,mediumturquoise
64,208,192,mediumturquoise
64,208,208,mediumturquoise
64,208,224,mediumturquoise
64,208,240,turquoise
64,224,0,limegreen
64,224,16,limegreen
64,224,32,limegreen
64,224,48,limegreen
64,224,64,limegreen
64,224,80,limegreen
64,224,96,mediumseagreen
64,224,112,mediumseagreen
64,224,128,mediumseagreen
64,224,144,mediumaquamarine
64,224,160,mediumaquamarine
64,224,176,turquoise
64,224,192,turquoise
64,224,208,turquoise
64,224,224,turquoise
64,224,240,turquoise
64,240,0,lawngreen
64,240,16,limegreen
64,240,32,limegreen
64,240,48,limegreen
64,240,64,limegreen
64,240,80,limegreen
64,240,96,limegreen
64,240,112,mediumseagreen
64,240,128,mediumseagreen
64,240,144,mediumaquamarine
64,240,160,turquoise
64,240,176,turquoise
64,240,192,turquoise
64,240,208,turquoise
64,240,224,turquoise
64,240,240,turquoise
80,0,0,maroon
80,0,16,maroon
80,0,32,maroon
80,0,48,maroon
80,0,64,indigo
80,0,80,indigo
80,0,96,indigo
80,0,112,indigo
80,0,128,indigo
80,0,144,indigo
80,0,160,indigo
80,0,176,indigo
80,0,192,indigo
80,0,208,darkviolet
80,0,224,darkviolet
80,0,240,blueviolet
80,16,0,maroon
80,16,16,maroon
80,16,32,maroon
80,16,48,maroon
80,16,64,indigo
80,16,80,indigo
80,16,96,indigo
80,16,112,indigo
80,16,128,indigo
80,16,144,indigo
80,16,160,indigo
80,16,176,rebeccapurple
80,16,192,rebeccapurple
80,16,208,blueviolet
80,16,224,blueviolet
80,16,240,blueviolet
80,32,0,maroon
80,32,16,maroon
80,32,32,maroon
80,32,48,darkslategray
80,32,64,darkslategray
80,32,80,darkslategray
80,32,96,indigo
80,32,112,indigo
80,32,128,darkslateblue
80,32,144,rebeccapurple
80,32,160,rebeccapurple
80,32,176,rebeccapurple
80,32,192,rebeccapurple
80,32,208,blueviolet
80,32,224,blueviolet
80,32,240,blueviolet
80,48,0,saddlebrown
80,48,16,saddlebrown
80,48,32,darkolivegreen
80,48,48,darkslategray
80,48,64,darkslategray
80,48,80,darkslategray
80,48,96,darkslateblue
80,48,112,darkslateblue
80,48,128,darkslateblue
80,48,144,darkslateblue
80,48,160,rebeccapurple
80,48,176,rebeccapurple
80,48,192,rebeccapurple
80,48,208,slateblue
80,48,224,slateblue
80,48,240,blueviolet
80,64,0,saddlebrown
80,64,16,darkolivegreen
80,64,32,darkolivegreen
80,64,48,darkolivegreen
80,64,64,darkslategray
80,64,80,darkslategray
80,64,96,darkslategray
80,64,112,darkslateblue
80,64,128,darkslateblue
80,64,144,darkslateblue
80,64,160,darkslateblue
80,64,176,rebeccapurple
80,64,192,slateblue
80,64,208,slateblue
80,64,224,slateblue
80,64,240,royalblue
80,80,0,darkolivegreen
80,80,16,darkolivegreen
80,80,32,darkolivegreen
80,80,48,darkolivegreen
80,80,64,darkolivegreen
80,80,80,darkslategray
80,80,96,dimgray
80,80,112,darkslateblue
80,80,128,darkslateblue
80,80,144,darkslateblue
80,80,160,darkslateblue
80,80,176,slateblue
80,80,192,slateblue
80,80,208,slateblue
80,80,224,royalblue
80,80,240,royalblue
80,96,0,darkolivegreen
80,96,16,darkolivegreen
80,96,32,darkolivegreen
80,96,48,darkolivegreen
80,96,64,darkolivegreen
80,96,80,darkolivegreen
80,96,96,dimgray
80,96,112,dimgray
80,96,128,dimgray
80,96,144,darkslateblue
80,96,160,steelblue
80,96,176,steelblue
80,96,192,slateblue
80,96,208,royalblue
80,96,224,royalblue
80,96,240,royalblue
80,112,0,darkolivegreen
80,112,16,darkolivegreen
80,112,32,darkolivegreen
80,112,48,darkolivegreen
80,112,64,darkolivegreen
80,112,80,darkolivegreen
80,112,96,dimgray
80,112,112,dimgray
80,112,128,dimgray
80,112,144,slategray
80,112,160,steelblue
80,112,176,steelblue
80,112,192,steelblue
80,112,208,royalblue
80,112,224,royalblue
80,112,240,royalblue
80,128,0,olivedrab
80,128,16,olivedrab
80,128,32,darkolivegreen
80,128,48,darkolivegreen
80,128,64,darkolivegreen
80,128,80,seagreen
80,128,96,dimgray
80,128,112,dimgray
80,128,128,slategray
80,128,144,slategray
80,128,160,steelblue
80,128,176,steelblue
80,128,192,steelblue
80,128,208,steelblue
80,128,224,royalblue
80,128,240,cornflowerblue
80,144,0,olivedrab
80,144,16,olivedrab
80,144,32,olivedrab
80,144,48,olivedrab
80,144,64,olivedrab
80,144,80,seagreen
80,144,96,seagreen
80,144,112,mediumseagreen
80,144,128,cadetblue
80,144,144,cadetblue
80,144,160,cadetblue
80,144,176,steelblue
80,144,192,steelblue
80,144,208,steelblue
80,144,224,cornflowerblue
80,144,240,cornflowerblue
80,160,0,olivedrab
80,160,16,olivedrab
80,160,32,olivedrab
80,160,48,olivedrab
80,160,64,olivedrab
80,160,80,seagreen
80,160,96,mediumseagreen
80,160,112,mediumseagreen
80,160,128,mediumseagreen
80,160,144,cadetblue
80,160,160,cadetblue
80,160,176,cadetblue
80,160,192,steelblue
80,160,208,cornflowerblue
80,160,224,cornflowerblue
80,160,240,cornflowerblue
80,176,0,olivedrab
80,176,16,olivedrab
80,176,32,olivedrab
80,176,48,limegreen
80,176,64,limegreen
80,176,80,mediumseagreen
80,176,96,mediumseagreen
80,176,112,mediumseagreen
80,176,128,mediumseagreen
80,176,144,cadetblue
80,176,160,cadetblue
80,176,176,cadetblue
80,176,192,mediumturquoise
80,176,208,mediumturquoise
80,176,224,cornflowerblue
80,176,240,cornflowerblue
80,192,0,limegreen
80,192,16,limegreen
80,192,32,limegreen
80,192,48,limegreen
80,192,64,limegreen
80,192,80,mediumseagreen
80,192,96,mediumseagreen
80,192,112,mediumseagreen
80,192,128,mediumseagreen
80,192,144,mediumaquamarine
80,192,160,mediumaquamarine
80,192,176,mediumaquamarine
80,192,192,mediumturquoise
80,192,208,mediumturquoise
80,192,224,mediumturquoise
80,192,240,mediumturquoise
80,208,0,limegreen
80,208,16,limegreen
80,208,32,limegreen
80,208,48,limegreen
80,208,64,limegreen
80,208,80,limegreen
80,208,96,mediumseagreen
80,208,112,mediumseagreen
80,208,128,mediumseagreen
80,208,144,mediumaquamarine
80,208,160,mediumaquamarine
80,208,176,mediumaquamarine
80,208,192,mediumturquoise
80,208,208,mediumturquoise
80,208,224,mediumturquoise
80,208,240,mediumturquoise
80,224,0,lawngreen
80,224,16,limegreen
80,224,32,limegreen
80,224,48,limegreen
80,224,64,limegreen
80,224,80,limegreen
80,224,96,mediumseagreen
80,224,112,mediumseagreen
80,224,128,mediumaquamarine
80,224,144,mediumaquamarine
80,224,160,mediumaquamarine
80,224,176,mediumaquamarine
80,224,192,mediumturquoise
80,224,208,turquoise
80,224,224,turquoise
80,224,240,turquoise
80,240,0,lawngreen
80,240,16,lawngreen
80,240,32,limegreen
80,240,48,limegreen
80,240,64,limegreen
80,240,80,limegreen
80,240,96,limegreen
80,240,112,mediumseagreen
80,240,128,mediumaquamarine
80,240,144,mediumaquamarine
80,240,160,mediumaquamarine
80,240,176,turquoise
80,240,192,turquoise
80,240,208,turquoise
80,240,224,turquoise
80,240,240,turquoise
96,0,0,maroon
96,0,16,maroon
96,0,32,maroon
96,0,48,maroon
96,0,64,indigo
96,0,80,indigo
96,0,96,indigo
96,0,112,indigo
96,0,128,indigo
96,0,144,indigo
96,0,160,indigo
96,0,176,indigo
96,0,192,darkviolet
96,0,208,darkviolet
96,0,224,darkviolet
96,0,240,darkviolet
96,16,0,maroon
96,16,16,maroon
96,16,32,maroon
96,16,48,maroon
96,16,64,indigo
96,16,80,indigo
96,16,96,indigo
96,16,112,indigo
96,16,128,indigo
96,16,144,indigo
96,16,160,rebeccapurple
96,16,176,rebeccapurple
96,16,192,rebeccapurple
96,16,208,blueviolet
96,16,224,blueviolet
96,16,240,blueviolet
96,32,0,maroon
96,32,16,maroon
96,32,32,maroon
96,32,48,saddlebrown
96,32,64,darkslategray
96,32,80,indigo
96,32,96,indigo
96,32,112,indigo
96,32,128,rebeccapurple
96,32,144,rebeccapurple
96,32,160,rebeccapurple
96,32,176,rebeccapurple
96,32,192,rebeccapurple
96,32,208,blueviolet
96,32,224,blueviolet
96,32,240,blueviolet
96,48,0,saddlebrown
96,48,16,saddlebrown
96,48,32,saddlebrown
96,48,48,saddlebrown
96,48,64,darkslategray
96,48,80,darkslategray
96,48,96,darkslateblue
96,48,112,darkslateblue
96,48,128,rebeccapurple
96,48,144,rebeccapurple
96,48,160,rebeccapurple
96,48,176,rebeccapurple
96,48,192,rebeccapurple
96,48,208,slateblue
96,48,224,blueviolet
96,48,240,blueviolet
96,64,0,saddlebrown
96,64,16,saddlebrown
96,64,32,saddlebrown
96,64,48,darkolivegreen
96,64,64,darkolivegreen
96,64,80,dimgray
96,64,96,dimgray
96,64,112,darkslateblue
96,64,128,darkslateblue
96,64,144,rebeccapurple
96,64,160,rebeccapurple
96,64,176,rebeccapurple
96,64,192,slateblue
96,64,208,slateblue
96,64,224,slateblue
96,64,240,slateblue
96,80,0,saddlebrown
96,80,16,darkolivegreen
96,80,32,darkolivegreen
96,80,48,darkolivegreen
96,80,64,darkolivegreen
96,80,80,dimgray
96,80,96,dimgray
96,80,112,dimgray
96,80,128,darkslateblue
96,80,144,rebeccapurple
96,80,160,rebeccapurple
96,80,176,slateblue
96,80,192,slateblue
96,80,208,slateblue
96,80,224,slateblue
96,80,240,mediumslateblue
96,96,0,olive
96,96,16,darkolivegreen
96,96,32,darkolivegreen
96,96,48,darkolivegreen
96,96,64,darkolivegreen
96,96,80,dimgray
96,96,96,dimgray
96,96,112,dimgray
96,96,128,dimgray
96,96,144,slategray
96,96,160,slategray
96,96,176,slateblue
96,96,192,slateblue
96,96,208,slateblue
96,96,224,slateblue
96,96,240,mediumslateblue
96,112,0,olive
96,112,16,darkolivegreen
96,112,32,darkolivegreen
96,112,48,darkolivegreen
96,112,64,darkolivegreen
96,112,80,dimgray
96,112,96,dimgray
96,112,112,dimgray
96,112,128,dimgray
96,112,144,slategray
96,112,160,slategray
96,112,176,steelblue
96,112,192,slateblue
96,112,208,slateblue
96,112,224,slateblue
96,112,240,mediumslateblue
96,128,0,olive
96,128,16,olivedrab
96,128,32,olivedrab
96,128,48,olivedrab
96,128,64,darkolivegreen
96,128,80,dimgray
96,128,96,dimgray
96,128,112,dimgray
96,128,128,slategray
96,128,144,slategray
96,128,160,slategray
96,128,176,steelblue
96,128,192,steelblue
96,128,208,cornflowerblue
96,128,224,cornflowerblue
96,128,240,cornflowerblue
96,144,0,olive
96,144,16,olivedrab
96,144,32,olivedrab
96,144,48,olivedrab
96,144,64,olivedrab
96,144,80,olivedrab
96,144,96,dimgray
96,144,112,gray
96,144,128,slategray
96,144,144,cadetblue
96,144,160,cadetblue
96,144,176,cadetblue
96,144,192,steelblue
96,144,208,cornflowerblue
96,144,224,cornflowerblue
96,144,240,cornflowerblue
96,160,0,olivedrab
96,160,16,olivedrab
96,160,32,olivedrab
96,160,48,olivedrab
96,160,64,olivedrab
96,160,80,olivedrab
96,160,96,mediumseagreen
96,160,112,mediumseagreen
96,160,128,cadetblue
96,160,144,cadetblue
96,160,160,cadetblue
96,160,176,cadetblue
96,160,192,cadetblue
96,160,208,cornflowerblue
96,160,224,cornflowerblue
96,160,240,cornflowerblue
96,176,0,olivedrab
96,176,16,olivedrab
96,176,32,olivedrab
96,176,48,olivedrab
96,176,64,olivedrab
96,176,80,mediumseagreen
96,176,96,mediumseagreen
96,176,112,mediumseagreen
96,176,128,cadetblue
96,176,144,cadetblue
96,176,160,cadetblue
96,176,176,cadetblue
96,176,192,cadetblue
96,176,208,cornflowerblue
96,176,224,cornflowerblue
96,176,240,cornflowerblue
96,192,0,olivedrab
96,192,16,olivedrab
96,192,32,limegreen
96,192,48,limegreen
96,192,64,limegreen
96,192,80,mediumseagreen
96,192,96,mediumseagreen
96,192,112,mediumseagreen
96,192,128,mediumseagreen
96,192,144,mediumaquamarine
96,192,160,mediumaquamarine
96,192,176,mediumaquamarine
96,192,192,mediumaquamarine
96,192,208,mediumturquoise
96,192,224,mediumturquoise
96,192,240,skyblue
96,208,0,lawngreen
96,208,16,lawngreen
96,208,32,limegreen
96,208,48,limegreen
96,208,64,limegreen
96,208,80,limegreen
96,208,96,mediumseagreen
96,208,112,mediumseagreen
96,208,128,mediumaquamarine
96,208,144,mediumaquamarine
96,208,160,mediumaquamarine
96,208,176,mediumaquamarine
96,208,192,mediumaquamarine
96,208,208,mediumturquoise
96,208,224,mediumturquoise
96,208,240,skyblue
96,224,0,lawngreen
96,224,16,lawngreen
96,224,32,lawngreen
96,224,48,limegreen
96,224,64,limegreen
96,224,80,limegreen
96,224,96,mediumseagreen
96,224,112,mediumseagreen
96,224,128,mediumaquamarine
96,224,144,mediumaquamarine
96,224,160,mediumaquamarine
96,224,176,mediumaquamarine
96,224,192,mediumaquamarine
96,224,208,mediumturquoise
96,224,224,mediumturquoise
96,224,240,skyblue
96,240,0,lawngreen
96,240,16,lawngreen
96,240,32,lawngreen
96,240,48,lawngreen
96,240,64,limegreen
96,240,80,limegreen
96,240,96,lightgreen
96,240,112,lightgreen
96,240,128,lightgreen
96,240,144,mediumaquamarine
96,240,160,mediumaquamarine
96,240,176,mediumaquamarine
96,240,192,turquoise
96,240,208,aquamarine
96,240,224,aquamarine
96,240,240,aquamarine
112,0,0,maroon
112,0,16,maroon
112,0,32,maroon
112,0,48,maroon
112,0,64,maroon
112,0,80,purple
112,0,96,purple
112,0,112,purple
112,0,128,purple
112,0,144,purple
112,0,160,darkmagenta
112,0,176,darkmagenta
112,0,192,darkviolet
112,0,208,darkviolet
112,0,224,darkviolet
112,0,240,darkviolet
112,16,0,maroon
112,16,16,maroon
112,16,32,maroon
112,16,48,maroon
112,16,64,brown
112,16,80,purple
112,16,96,purple
112,16,112,purple
112,16,128,purple
112,16,144,purple
112,16,160,rebeccapurple
112,16,176,rebeccapurple
112,16,192,darkviolet
112,16,208,darkviolet
112,16,224,blueviolet
112,16,240,blueviolet
112,32,0,maroon
112,32,16,maroon
112,32,32,saddlebrown
112,32,48,saddlebrown
112,32,64,brown
112,32,80,purple
112,32,96,purple
112,32,112,purple
112,32,128,rebeccapurple
112,32,144,rebeccapurple
112,32,160,rebeccapurple
112,32,176,rebeccapurple
112,32,192,blueviolet
112,32,208,blueviolet
112,32,224,blueviolet
112,32,240,blueviolet
112,48,0,saddlebrown
112,48,16,saddlebrown
112,48,32,saddlebrown
112,48,48,saddlebrown
112,48,64,saddlebrown
112,48,80,dimgray
112,48,96,rebeccapurple
112,48,112,rebeccapurple
112,48,128,rebeccapurple
112,48,144,rebeccapurple
112,48,160,rebeccapurple
112,48,176,rebeccapurple
112,48,192,rebeccapurple
112,48,208,blueviolet
112,48,224,blueviolet
112,48,240,blueviolet
112,64,0,saddlebrown
112,64,16,saddlebrown
112,64,32,saddlebrown
112,64,48,saddlebrown
112,64,64,saddlebrown
112,64,80,dimgray
112,64,96,dimgray
112,64,112,dimgray
112,64,128,rebeccapurple
112,64,144,rebeccapurple
112,64,160,rebeccapurple
112,64,176,rebeccapurple
112,64,192,slateblue
112,64,208,slateblue
112,64,224,slateblue
112,64,240,blueviolet
112,80,0,saddlebrown
112,80,16,saddlebrown
112,80,32,saddlebrown
112,80,48,darkolivegreen
112,80,64,darkolivegreen
112,80,80,dimgray
112,80,96,dimgray
112,80,112,dimgray
112,80,128,dimgray
112,80,144,rebeccapurple
112,80,160,rebeccapurple
112,80,176,slateblue
112,80,192,slateblue
112,80,208,slateblue
112,80,224,slateblue
112,80,240,mediumslateblue
112,96,0,olive
112,96,16,saddlebrown
112,96,32,darkolivegreen
112,96,48,darkolivegreen
112,96,64,darkolivegreen
112,96,80,dimgray
112,96,96,dimgray
112,96,112,dimgray
112,96,128,dimgray
112,96,144,slategray
112,96,160,slategray
112,96,176,slateblue
112,96,192,slateblue
112,96,208,slateblue
112,96,224,mediumslateblue
112,96,240,mediumslateblue
112,112,0,olive
112,112,16,olive
112,112,32,olivedrab
112,112,48,darkolivegreen
112,112,64,darkolivegreen
112,112,80,dimgray
112,112,96,dimgray
112,112,112,dimgray
112,112,128,gray
112,112,144,slategray
112,112,160,slategray
112,112,176,lightslategray
112,112,192,slateblue
112,112,208,slateblue
112,112,224,mediumslateblue
112,112,240,mediumslateblue
112,128,0,olive
112,128,16,olive
112,128,32,olivedrab
112,128,48,olivedrab
112,128,64,olivedrab
112,128,80,dimgray
112,128,96,dimgray
112,128,112,gray
112,128,128,gray
112,128,144,slategray
112,128,160,lightslategray
112,128,176,lightslategray
112,128,192,lightslategray
112,128,208,cornflowerblue
112,128,224,cornflowerblue
112,128,240,cornflowerblue
112,144,0,olive
112,144,16,olivedrab
112,144,32,olivedrab
112,144,48,olivedrab
112,144,64,olivedrab
112,144,80,olivedrab
112,144,96,gray
112,144,112,gray
112,144,128,gray
112,144,144,lightslategray
112,144,160,lightslategray
112,144,176,lightslategray
112,144,192,cadetblue
112,144,208,cornflowerblue
112,144,224,cornflowerblue
112,144,240,cornflowerblue
112,160,0,olive
112,160,16,olivedrab
112,160,32,olivedrab
112,160,48,olivedrab
112,160,64,olivedrab
112,160,80,olivedrab
112,160,96,gray
112,160,112,gray
112,160,128,lightslategray
112,160,144,cadetblue
112,160,160,cadetblue
112,160,176,cadetblue
112,160,192,cadetblue
112,160,208,cornflowerblue
112,160,224,cornflowerblue
112,160,240,cornflowerblue
112,176,0,olivedrab
112,176,16,olivedrab
112,176,32,olivedrab
112,176,48,olivedrab
112,176,64,olivedrab
112,176,80,olivedrab
112,176,96,mediumseagreen
112,176,112,darkseagreen
112,176,128,darkseagreen
112,176,144,cadetblue
112,176,160,cadetblue
112,176,176,cadetblue
112,176,192,mediumaquamarine
112,176,208,cornflowerblue
112,176,224,cornflowerblue
112,176,240,cornflowerblue
112,192,0,lawngreen
112,192,16,olivedrab
112,192,32,yellowgreen
112,192,48,yellowgreen
112,192,64,yellowgreen
112,192,80,yellowgreen
112,192,96,mediumseagreen
112,192,112,darkseagreen
112,192,128,darkseagreen
112,192,144,mediumaquamarine
112,192,160,mediumaquamarine
112,192,176,mediumaquamarine
112,192,192,mediumaquamarine
112,192,208,skyblue
112,192,224,skyblue
112,192,240,skyblue
112,208,0,lawngreen
112,208,16,lawngreen
112,208,32,yellowgreen
112,208,48,yellowgreen
112,208,64,yellowgreen
112,208,80,yellowgreen
112,208,96,darkseagreen
112,208,112,darkseagreen
112,208,128,darkseagreen
112,208,144,mediumaquamarine
112,208,160,mediumaquamarine
112,208,176,mediumaquamarine
112,208,192,mediumaquamarine
112,208,208,skyblue
112,208,224,skyblue
112,208,240,skyblue
112,224,0,lawngreen
112,224,16,lawngreen
112,224,32,lawngreen
112,224,48,yellowgreen
112,224,64,yellowgreen
112,224,80,yellowgreen
112,224,96,lightgreen
112,224,112,lightgreen
112,224,128,lightgreen
112,224,144,mediumaquamarine
112,224,160,mediumaquamarine
112,224,176,mediumaquamarine
112,224,192,mediumaquamarine
112,224,208,aquamarine
112,224,224,skyblue
112,224,240,skyblue
112,240,0,lawngreen
112,240,16,lawngreen
112,240,32,lawngreen
112,240,48,lawngreen
112,240,64,yellowgreen
112,240,80,yellowgreen
112,240,96,lightgreen
112,240,112,lightgreen
112,240,128,lightgreen
112,240,144,lightgreen
112,240,160,lightgreen
112,240,176,mediumaquamarine
112,240,192,aquamarine
112,240,208,aquamarine
112,240,224,aquamarine
112,240,240,aquamarine
128,0,0,maroon
128,0,16,maroon
128,0,32,maroon
128,0,48,maroon
128,0,64,brown
128,0,80,purple
128,0,96,purple
128,0,112,purple
128,0,128,purple
128,0,144,darkmagenta
128,0,160,darkmagenta
128,0,176,darkmagenta
128,0,192,darkviolet
128,0,208,darkviolet
128,0,224,darkviolet
128,0,240,darkviolet
128,16,0,maroon
128,16,16,maroon
128,16,32,maroon
128,16,48,brown
128,16,64,brown
128,16,80,purple
128,16,96,purple
128,16,112,purple
128,16,128,purple
128,16,144,darkmagenta
128,16,160,darkmagenta
128,16,176,darkmagenta
128,16,192,darkviolet
128,16,208,darkviolet
128,16,224,darkviolet
128,16,240,blueviolet
128,32,0,maroon
128,32,16,maroon
128,32,32,brown
128,32,48,brown
128,32,64,brown
128,32,80,brown
128,32,96,purple
128,32,112,purple
128,32,128,purple
128,32,144,rebeccapurple
128,32,160,rebeccapurple
128,32,176,rebeccapurple
128,32,192,darkorchid
128,32,208,blueviolet
128,32,224,blueviolet
128,32,240,blueviolet
128,48,0,saddlebrown
128,48,16,saddlebrown
128,48,32,saddlebrown
128,48,48,saddlebrown
128,48,64,brown
128,48,80,brown
128,48,96,purple
128,48,112,rebeccapurple
128,48,128,rebeccapurple
128,48,144,rebeccapurple
128,48,160,rebeccapurple
128,48,176,rebeccapurple
128,48,192,darkorchid
128,48,208,blueviolet
128,48,224,blueviolet
128,48,240,blueviolet
128,64,0,saddlebrown
128,64,16,saddlebrown
128,64,32,saddlebrown
128,64,48,saddlebrown
128,64,64,sienna
128,64,80,sienna
128,64,96,dimgray
128,64,112,dimgray
128,64,128,rebeccapurple
128,64,144,rebeccapurple
128,64,160,rebeccapurple
128,64,176,rebeccapurple
128,64,192,darkorchid
128,64,208,darkorchid
128,64,224,blueviolet
128,64,240,blueviolet
128,80,0,saddlebrown
128,80,16,saddlebrown
128,80,32,saddlebrown
128,80,48,sienna
128,80,64,sienna
128,80,80,dimgray
128,80,96,dimgray
128,80,112,dimgray
128,80,128,dimgray
128,80,144,rebeccapurple
128,80,160,rebeccapurple
128,80,176,slateblue
128,80,192,slateblue
128,80,208,slateblue
128,80,224,mediumslateblue
128,80,240,mediumslateblue
128,96,0,olive
128,96,16,saddlebrown
128,96,32,saddlebrown
128,96,48,sienna
128,96,64,sienna
128,96,80,dimgray
128,96,96,dimgray
128,96,112,dimgray
128,96,128,gray
128,96,144,gray
128,96,160,slategray
128,96,176,slateblue
128,96,192,slateblue
128,96,208,slateblue
128,96,224,mediumslateblue
128,96,240,mediumslateblue
128,112,0,olive
128,112,16,olive
128,112,32,olive
128,112,48,olivedrab
128,112,64,darkolivegreen
128,112,80,dimgray
128,112,96,dimgray
128,112,112,gray
128,112,128,gray
128,112,144,gray
128,112,160,lightslategray
128,112,176,lightslategray
128,112,192,mediumpurple
128,112,208,mediumpurple
128,112,224,mediumslateblue
128,112,240,mediumslateblue
128,128,0,olive
128,128,16,olive
128,128,32,olivedrab
128,128,48,olivedrab
128,128,64,olivedrab
128,128,80,dimgray
128,128,96,gray
128,128,112,gray
128,128,128,gray
128,128,144,lightslategray
128,128,160,lightslategray
128,128,176,lightslategray
128,128,192,mediumpurple
128,128,208,mediumpurple
128,128,224,mediumpurple
128,128,240,mediumslateblue
128,144,0,olive
128,144,16,olive
128,144,32,olivedrab
128,144,48,olivedrab
128,144,64,olivedrab
128,144,80,olivedrab
128,144,96,gray
128,144,112,gray
128,144,128,gray
128,144,144,lightslategray
128,144,160,lightslategray
128,144,176,lightslategray
128,144,192,lightslategray
128,144,208,mediumpurple
128,144,224,cornflowerblue
128,144,240,cornflowerblue
128,160,0,olive
128,160,16,olivedrab
128,160,32,olivedrab
128,160,48,olivedrab
128,160,64,olivedrab
128,160,80,olivedrab
128,160,96,gray
128,160,112,gray
128,160,128,gray
128,160,144,lightslategray
128,160,160,lightslategray
128,160,176,lightslategray
128,160,192,cadetblue
128,160,208,cornflowerblue
128,160,224,cornflowerblue
128,160,240,cornflowerblue
128,176,0,olive
128,176,16,olivedrab
128,176,32,olivedrab
128,176,48,yellowgreen
128,176,64,yellowgreen
128,176,80,yellowgreen
128,176,96,darkseagreen
128,176,112,darkseagreen
128,176,128,darkseagreen
128,176,144,darkseagreen
128,176,160,darkseagreen
128,176,176,darkseagreen
128,176,192,mediumaquamarine
128,176,208,skyblue
128,176,224,skyblue
128,176,240,skyblue
128,192,0,yellowgreen
128,192,16,yellowgreen
128,192,32,yellowgreen
128,192,48,yellowgreen
128,192,64,yellowgreen
128,192,80,yellowgreen
128,192,96,darkseagreen
128,192,112,darkseagreen
128,192,128,darkseagreen
128,192,144,darkseagreen
128,192,160,darkseagreen
128,192,176,mediumaquamarine
128,192,192,mediumaquamarine
128,192,208,skyblue
128,192,224,skyblue
128,192,240,skyblue
128,208,0,lawngreen
128,208,16,yellowgreen
128,208,32,yellowgreen
128,208,48,yellowgreen
128,208,64,yellowgreen
128,208,80,yellowgreen
128,208,96,yellowgreen
128,208,112,darkseagreen
128,208,128,darkseagreen
128,208,144,darkseagreen
128,208,160,mediumaquamarine
128,208,176,mediumaquamarine
128,208,192,mediumaquamarine
128,208,208,skyblue
128,208,224,skyblue
128,208,240,skyblue
128,224,0,lawngreen
128,224,16,lawngreen
128,224,32,yellowgreen
128,224,48,yellowgreen
128,224,64,yellowgreen
128,224,80,yellowgreen
128,224,96,lightgreen
128,224,112,lightgreen
128,224,128,lightgreen
128,224,144,lightgreen
128,224,160,lightgreen
128,224,176,mediumaquamarine
128,224,192,aquamarine
128,224,208,aquamarine
128,224,224,skyblue
128,224,240,skyblue
128,240,0,lawngreen
128,240,16,lawngreen
128,240,32,lawngreen
128,240,48,yellowgreen
128,240,64,yellowgreen
128,240,80,yellowgreen
128,240,96,lightgreen
128,240,112,lightgreen
128,240,128,lightgreen
128,240,144,lightgreen
128,240,160,lightgreen
128,240,176,palegreen
128,240,192,aquamarine
128,240,208,aquamarine
128,240,224,aquamarine
128,240,240,aquamarine
144,0,0,darkred
144,0,16,darkred
144,0,32,darkred
144,0,48,brown
144,0,64,brown
144,0,80,purple
144,0,96,purple
144,0,112,purple
144,0,128,darkmagenta
144,0,144,darkmagenta
144,0,160,darkmagenta
144,0,176,darkviolet
144,0,192,darkviolet
144,0,208,darkviolet
144,0,224,darkviolet
144,0,240,darkviolet
144,16,0,darkred
144,16,16,darkred
144,16,32,brown
144,16,48,brown
144,16,64,brown
144,16,80,brown
144,16,96,purple
144,16,112,purple
144,16,128,darkmagenta
144,16,144,darkmagenta
144,16,160,darkmagenta
144,16,176,darkviolet
144,16,192,darkviolet
144,16,208,darkviolet
144,16,224,darkviolet
144,16,240,blueviolet
144,32,0,darkred
144,32,16,brown
144,32,32,brown
144,32,48,brown
144,32,64,brown
144,32,80,brown
144,32,96,purple
144,32,112,purple
144,32,128,darkmagenta
144,32,144,darkmagenta
144,32,160,darkmagenta
144,32,176,darkorchid
144,32,192,darkorchid
144,32,208,darkorchid
144,32,224,blueviolet
144,32,240,blueviolet
144,48,0,saddlebrown
144,48,16,saddlebrown
144,48,32,brown
144,48,48,brown
144,48,64,brown
144,48,80,brown
144,48,96,brown
144,48,112,purple
144,48,128,rebeccapurple
144,48,144,rebeccapurple
144,48,160,rebeccapurple
144,48,176,darkorchid
144,48,192,darkorchid
144,48,208,darkorchid
144,48,224,blueviolet
144,48,240,blueviolet
144,64,0,saddlebrown
144,64,16,saddlebrown
144,64,32,saddlebrown
144,64,48,sienna
144,64,64,sienna
144,64,80,sienna
144,64,96,sienna
144,64,112,dimgray
144,64,128,rebeccapurple
144,64,144,rebeccapurple
144,64,160,rebeccapurple
144,64,176,darkorchid
144,64,192,darkorchid
144,64,208,darkorchid
144,64,224,blueviolet
144,64,240,blueviolet
144,80,0,saddlebrown
144,80,16,saddlebrown
144,80,32,saddlebrown
144,80,48,sienna
144,80,64,sienna
144,80,80,sienna
144,80,96,dimgray
144,80,112,dimgray
144,80,128,gray
144,80,144,rebeccapurple
144,80,160,rebeccapurple
144,80,176,darkorchid
144,80,192,darkorchid
144,80,208,darkorchid
144,80,224,mediumpurple
144,80,240,mediumslateblue
144,96,0,saddlebrown
144,96,16,saddlebrown
144,96,32,sienna
144,96,48,sienna
144,96,64,sienna
144,96,80,sienna
144,96,96,dimgray
144,96,112,gray
144,96,128,gray
144,96,144,gray
144,96,160,lightslategray
144,96,176,mediumpurple
144,96,192,mediumpurple
144,96,208,mediumpurple
144,96,224,mediumpurple
144,96,240,mediumslateblue
144,112,0,olive
144,112,16,olive
144,112,32,sienna
144,112,48,sienna
144,112,64,sienna
144,112,80,dimgray
144,112,96,gray
144,112,112,gray
144,112,128,gray
144,112,144,gray
144,112,160,lightslategray
144,112,176,lightslategray
144,112,192,mediumpurple
144,112,208,mediumpurple
144,112,224,mediumpurple
144,112,240,mediumpurple
144,128,0,olive
144,128,16,olive
144,128,32,olive
144,128,48,olivedrab
144,128,64,olivedrab
144,128,80,gray
144,128,96,gray
144,128,112,gray
144,128,128,gray
144,128,144,gray
144,128,160,lightslategray
144,128,176,lightslategray
144,128,192,mediumpurple
144,128,208,mediumpurple
144,128,224,mediumpurple
144,128,240,mediumpurple
144,144,0,olive
144,144,16,olive
144,144,32,olivedrab
144,144,48,olivedrab
144,144,64,olivedrab
144,144,80,gray
144,144,96,gray
144,144,112,gray
144,144,128,gray
144,144,144,gray
144,144,160,lightslategray
144,144,176,lightslategray
144,144,192,mediumpurple
144,144,208,mediumpurple
144,144,224,mediumpurple
144,144,240,mediumpurple
144,160,0,olive
144,160,16,olive
144,160,32,olivedrab
144,160,48,olivedrab
144,160,64,yellowgreen
144,160,80,yellowgreen
144,160,96,gray
144,160,112,gray
144,160,128,darkseagreen
144,160,144,darkseagreen
144,160,160,darkgray
144,160,176,darkgray
144,160,192,darkgray
144,160,208,darkgray
144,160,224,cornflowerblue
144,160,240,cornflowerblue
144,176,0,olive
144,176,16,yellowgreen
144,176,32,yellowgreen
144,176,48,yellowgreen
144,176,64,yellowgreen
144,176,80,yellowgreen
144,176,96,darkkhaki
144,176,112,darkseagreen
144,176,128,darkseagreen
144,176,144,darkseagreen
144,176,160,darkseagreen
144,176,176,darkgray
144,176,192,darkgray
144,176,208,lightsteelblue
144,176,224,skyblue
144,176,240,skyblue
144,192,0,yellowgreen
144,192,16,yellowgreen
144,192,32,yellowgreen
144,192,48,yellowgreen
144,192,64,yellowgreen
144,192,80,yellowgreen
144,192,96,darkseagreen
144,192,112,darkseagreen
144,192,128,darkseagreen
144,192,144,darkseagreen
144,192,160,darkseagreen
144,192,176,darkseagreen
144,192,192,darkgray
144,192,208,skyblue
144,192,224,skyblue
144,192,240,skyblue
144,208,0,lawngreen
144,208,16,yellowgreen
144,208,32,yellowgreen
144,208,48,yellowgreen
144,208,64,yellowgreen
144,208,80,yellowgreen
144,208,96,yellowgreen
144,208,112,darkseagreen
144,208,128,darkseagreen
144,208,144,darkseagreen
144,208,160,darkseagreen
144,208,176,darkseagreen
144,208,192,skyblue
144,208,208,skyblue
144,208,224,skyblue
144,208,240,skyblue
144,224,0,lawngreen
144,224,16,lawngreen
144,224,32,yellowgreen
144,224,48,yellowgreen
144,224,64,yellowgreen
144,224,80,yellowgreen
144,224,96,lightgreen
144,224,112,lightgreen
144,224,128,lightgreen
144,224,144,lightgreen
144,224,160,lightgreen
144,224,176,lightgreen
144,224,192,aquamarine
144,224,208,skyblue
144,224,224,skyblue
144,224,240,skyblue
144,240,0,chartreuse
144,240,16,chartreuse
144,240,32,greenyellow
144,240,48,greenyellow
144,240,64,greenyellow
144,240,80,greenyellow
144,240,96,lightgreen
144,240,112,lightgreen
144,240,128,lightgreen
144,240,144,lightgreen
144,240,160,palegreen
144,240,176,palegreen
144,240,192,aquamarine
144,240,208,aquamarine
144,240,224,aquamarine
144,240,240,paleturquoise
160,0,0,darkred
160,0,16,darkred
160,0,32,darkred
160,0,48,firebrick
160,0,64,brown
160,0,80,brown
160,0,96,purple
160,0,112,darkmagenta
160,0,128,darkmagenta
160,0,144,darkmagenta
160,0,160,darkmagenta
160,0,176,darkviolet
160,0,192,darkviolet
160,0,208,darkviolet
160,0,224,darkviolet
160,0,240,darkviolet
160,16,0,darkred
160,16,16,darkred
160,16,32,firebrick
160,16,48,brown
160,16,64,brown
160,16,80,brown
160,16,96,purple
160,16,112,darkmagenta
160,16,128,darkmagenta
160,16,144,darkmagenta
160,16,160,darkmagenta
160,16,176,darkviolet
160,16,192,darkviolet
160,16,208,darkviolet
160,16,224,darkviolet
160,16,240,darkviolet
160,32,0,darkred
160,32,16,firebrick
160,32,32,brown
160,32,48,brown
160,32,64,brown
160,32,80,brown
160,32,96,mediumvioletred
160,32,112,mediumvioletred
160,32,128,darkmagenta
160,32,144,darkmagenta
160,32,160,darkmagenta
160,32,176,darkorchid
160,32,192,darkorchid
160,32,208,darkorchid
160,32,224,blueviolet
160,32,240,blueviolet
160,48,0,saddlebrown
160,48,16,brown
160,48,32,brown
160,48,48,brown
160,48,64,brown
160,48,80,brown
160,48,96,brown
160,48,112,mediumvioletred
160,48,128,mediumvioletred
160,48,144,mediumvioletred
160,48,160,darkorchid
160,48,176,darkorchid
160,48,192,darkorchid
160,48,208,darkorchid
160,48,224,darkorchid
160,48,240,blueviolet
160,64,0,saddlebrown
160,64,16,saddlebrown
160,64,32,sienna
160,64,48,sienna
160,64,64,sienna
160,64,80,sienna
160,64,96,indianred
160,64,112,indianred
160,64,128,mediumvioletred
160,64,144,mediumvioletred
160,64,160,darkorchid
160,64,176,darkorchid
160,64,192,darkorchid
160,64,208,darkorchid
160,64,224,darkorchid
160,64,240,blueviolet
160,80,0,saddlebrown
160,80,16,saddlebrown
160,80,32,sienna
160,80,48,sienna
160,80,64,sienna
160,80,80,sienna
160,80,96,indianred
160,80,112,indianred
160,80,128,gray
160,80,144,gray
160,80,160,darkorchid
160,80,176,darkorchid
160,80,192,mediumorchid
160,80,208,mediumorchid
160,80,224,mediumorchid
160,80,240,mediumorchid
160,96,0,saddlebrown
160,96,16,sienna
160,96,32,sienna
160,96,48,sienna
160,96,64,sienna
160,96,80,sienna
160,96,96,indianred
160,96,112,gray
160,96,128,gray
160,96,144,gray
160,96,160,gray
160,96,176,mediumorchid
160,96,192,mediumpurple
160,96,208,mediumpurple
160,96,224,mediumpurple
160,96,240,mediumpurple
160,112,0,darkgoldenrod
160,112,16,darkgoldenrod
160,112,32,sienna
160,112,48,sienna
160,112,64,sienna
160,112,80,sienna
160,112,96,gray
160,112,112,gray
160,112,128,gray
160,112,144,gray
160,112,160,rosybrown
160,112,176,mediumpurple
160,112,192,mediumpurple
160,112,208,mediumpurple
160,112,224,mediumpurple
160,112,240,mediumpurple
160,128,0,darkgoldenrod
160,128,16,darkgoldenrod
160,128,32,darkgoldenrod
160,128,48,darkgoldenrod
160,128,64,peru
160,128,80,peru
160,128,96,gray
160,128,112,gray
160,128,128,gray
160,128,144,rosybrown
160,128,160,rosybrown
160,128,176,darkgray
160,128,192,mediumpurple
160,128,208,mediumpurple
160,128,224,mediumpurple
160,128,240,mediumpurple
160,144,0,darkgoldenrod
160,144,16,darkgoldenrod
160,144,32,darkgoldenrod
160,144,48,darkgoldenrod
160,144,64,peru
160,144,80,peru
160,144,96,gray
160,144,112,gray
160,144,128,rosybrown
160,144,144,rosybrown
160,144,160,darkgray
160,144,176,darkgray
160,144,192,darkgray
160,144,208,mediumpurple
160,144,224,mediumpurple
160,144,240,mediumpurple
160,160,0,darkgoldenrod
160,160,16,darkgoldenrod
160,160,32,darkgoldenrod
160,160,48,yellowgreen
160,160,64,yellowgreen
160,160,80,darkkhaki
160,160,96,darkkhaki
160,160,112,darkkhaki
160,160,128,darkseagreen
160,160,144,darkgray
160,160,160,darkgray
160,160,176,darkgray
160,160,192,darkgray
160,160,208,darkgray
160,160,224,lightsteelblue
160,160,240,lightsteelblue
160,176,0,darkgoldenrod
160,176,16,yellowgreen
160,176,32,yellowgreen
160,176,48,yellowgreen
160,176,64,yellowgreen
160,176,80,darkkhaki
160,176,96,darkkhaki
160,176,112,darkkhaki
160,176,128,darkseagreen
160,176,144,darkseagreen
160,176,160,darkgray
160,176,176,darkgray
160,176,192,darkgray
160,176,208,lightsteelblue
160,176,224,lightsteelblue
160,176,240,lightsteelblue
160,192,0,yellowgreen
160,192,16,yellowgreen
160,192,32,yellowgreen
160,192,48,yellowgreen
160,192,64,yellowgreen
160,192,80,yellowgreen
160,192,96,darkkhaki
160,192,112,darkkhaki
160,192,128,darkseagreen
160,192,144,darkseagreen
160,192,160,darkseagreen
160,192,176,darkgray
160,192,192,silver
160,192,208,lightsteelblue
160,192,224,lightsteelblue
160,192,240,lightsteelblue
160,208,0,yellowgreen
160,208,16,yellowgreen
160,208,32,yellowgreen
160,208,48,yellowgreen
160,208,64,yellowgreen
160,208,80,yellowgreen
160,208,96,darkkhaki
160,208,112,darkkhaki
160,208,128,darkseagreen
160,208,144,darkseagreen
160,208,160,darkseagreen
160,208,176,silver
160,208,192,silver
160,208,208,lightsteelblue
160,208,224,lightblue
160,208,240,lightblue
160,224,0,chartreuse
160,224,16,yellowgreen
160,224,32,yellowgreen
160,224,48,yellowgreen
160,224,64,yellowgreen
160,224,80,yellowgreen
160,224,96,yellowgreen
160,224,112,lightgreen
160,224,128,lightgreen
160,224,144,lightgreen
160,224,160,lightgreen
160,224,176,palegreen
160,224,192,lightblue
160,224,208,lightblue
160,224,224,lightblue
160,224,240,lightblue
160,240,0,chartreuse
160,240,16,greenyellow
160,240,32,greenyellow
160,240,48,greenyellow
160,240,64,greenyellow
160,240,80,greenyellow
160,240,96,lightgreen
160,240,112,lightgreen
160,240,128,lightgreen
160,240,144,palegreen
160,240,160,palegreen
160,240,176,palegreen
160,240,192,aquamarine
160,240,208,powderblue
160,240,224,paleturquoise
160,240,240,paleturquoise
176,0,0,darkred
176,0,16,firebrick
176,0,32,firebrick
176,0,48,firebrick
176,0,64,firebrick
176,0,80,crimson
176,0,96,mediumvioletred
176,0,112,mediumvioletred
176,0,128,mediumvioletred
176,0,144,mediumvioletred
176,0,160,mediumvioletred
176,0,176,darkviolet
176,0,192,darkviolet
176,0,208,darkviolet
176,0,224,darkviolet
176,0,240,darkviolet
176,16,0,firebrick
176,16,16,firebrick
176,16,32,firebrick
176,16,48,firebrick
176,16,64,firebrick
176,16,80,brown
176,16,96,mediumvioletred
176,16,112,mediumvioletred
176,16,128,mediumvioletred
176,16,144,mediumvioletred
176,16,160,mediumvioletred
176,16,176,darkviolet
176,16,192,darkviolet
176,16,208,darkviolet
176,16,224,darkviolet
176,16,240,darkviolet
176,32,0,firebrick
176,32,16,firebrick
176,32,32,firebrick
176,32,48,firebrick
176,32,64,brown
176,32,80,brown
176,32,96,mediumvioletred
176,32,112,mediumvioletred
176,32,128,mediumvioletred
176,32,144,mediumvioletred
176,32,160,mediumvioletred
176,32,176,darkorchid
176,32,192,darkorchid
176,32,208,darkorchid
176,32,224,darkorchid
176,32,240,blueviolet
176,48,0,firebrick
176,48,16,firebrick
176,48,32,firebrick
176,48,48,brown
176,48,64,brown
176,48,80,brown
176,48,96,mediumvioletred
176,48,112,mediumvioletred
176,48,128,mediumvioletred
176,48,144,mediumvioletred
176,48,160,mediumvioletred
176,48,176,darkorchid
176,48,192,darkorchid
176,48,208,darkorchid
176,48,224,darkorchid
176,48,240,blueviolet
176,64,0,saddlebrown
176,64,16,firebrick
176,64,32,brown
176,64,48,sienna
176,64,64,sienna
176,64,80,indianred
176,64,96,indianred
176,64,112,indianred
176,64,128,mediumvioletred
176,64,144,mediumvioletred
176,64,160,darkorchid
176,64,176,darkorchid
176,64,192,darkorchid
176,64,208,mediumorchid
176,64,224,mediumorchid
176,64,240,mediumorchid
176,80,0,saddlebrown
176,80,16,sienna
176,80,32,sienna
176,80,48,sienna
176,80,64,sienna
176,80,80,indianred
176,80,96,indianred
176,80,112,indianred
176,80,128,indianred
176,80,144,palevioletred
176,80,160,mediumorchid
176,80,176,mediumorchid
176,80,192,mediumorchid
176,80,208,mediumorchid
176,80,224,mediumorchid
176,80,240,mediumorchid
176,96,0,darkgoldenrod
176,96,16,sienna
176,96,32,sienna
176,96,48,sienna
176,96,64,sienna
176,96,80,indianred
176,96,96,indianred
176,96,112,indianred
176,96,128,indianred
176,96,144,palevioletred
176,96,160,palevioletred
176,96,176,mediumorchid
176,96,192,mediumorchid
176,96,208,mediumorchid
176,96,224,mediumorchid
176,96,240,mediumorchid
176,112,0,darkgoldenrod
176,112,16,darkgoldenrod
176,112,32,darkgoldenrod
176,112,48,sienna
176,112,64,peru
176,112,80,indianred
176,112,96,indianred
176,112,112,indianred
176,112,128,rosybrown
176,112,144,rosybrown
176,112,160,rosybrown
176,112,176,mediumorchid
176,112,192,mediumorchid
176,112,208,mediumorchid
176,112,224,mediumpurple
176,112,240,mediumpurple
176,128,0,darkgoldenrod
176,128,16,darkgoldenrod
176,128,32,darkgoldenrod
176,128,48,peru
176,128,64,peru
176,128,80,peru
176,128,96,peru
176,128,112,rosybrown
176,128,128,rosybrown
176,128,144,rosybrown
176,128,160,rosybrown
176,128,176,rosybrown
176,128,192,mediumpurple
176,128,208,mediumpurple
176,128,224,mediumpurple
176,128,240,mediumpurple
176,144,0,darkgoldenrod
176,144,16,darkgoldenrod
176,144,32,darkgoldenrod
176,144,48,peru
176,144,64,peru
176,144,80,peru
176,144,96,darkkhaki
176,144,112,rosybrown
176,144,128,rosybrown
176,144,144,rosybrown
176,144,160,rosybrown
176,144,176,darkgray
176,144,192,darkgray
176,144,208,mediumpurple
176,144,224,mediumpurple
176,144,240,mediumpurple
176,160,0,darkgoldenrod
176,160,16,darkgoldenrod
176,160,32,darkgoldenrod
176,160,48,peru
176,160,64,peru
176,160,80,darkkhaki
176,160,96,darkkhaki
176,160,112,darkkhaki
176,160,128,rosybrown
176,160,144,rosybrown
176,160,160,darkgray
176,160,176,darkgray
176,160,192,darkgray
176,160,208,lightsteelblue
176,160,224,lightsteelblue
176,160,240,lightsteelblue
176,176,0,darkgoldenrod
176,176,16,darkgoldenrod
176,176,32,yellowgreen
176,176,48,yellowgreen
176,176,64,yellowgreen
176,176,80,darkkhaki
176,176,96,darkkhaki
176,176,112,darkkhaki
176,176,128,darkkhaki
176,176,144,darkgray
176,176,160,darkgray
176,176,176,darkgray
176,176,192,silver
176,176,208,lightsteelblue
176,176,224,lightsteelblue
176,176,240,lightsteelblue
176,192,0,yellowgreen
176,192,16,yellowgreen
176,192,32,yellowgreen
176,192,48,yellowgreen
176,192,64,yellowgreen
176,192,80,darkkhaki
176,192,96,darkkhaki
176,192,112,darkkhaki
176,192,128,darkkhaki
176,192,144,darkseagreen
176,192,160,darkgray
176,192,176,silver
176,192,192,silver
176,192,208,lightsteelblue
176,192,224,lightsteelblue
176,192,240,lightsteelblue
176,208,0,yellowgreen
176,208,16,yellowgreen
176,208,32,yellowgreen
176,208,48,yellowgreen
176,208,64,yellowgreen
176,208,80,yellowgreen
176,208,96,darkkhaki
176,208,112,darkkhaki
176,208,128,darkkhaki
176,208,144,darkseagreen
176,208,160,silver
176,208,176,silver
176,208,192,silver
176,208,208,lightsteelblue
176,208,224,lightblue
176,208,240,lightblue
176,224,0,greenyellow
176,224,16,greenyellow
176,224,32,yellowgreen
176,224,48,yellowgreen
176,224,64,yellowgreen
176,224,80,yellowgreen
176,224,96,darkkhaki
176,224,112,darkkhaki
176,224,128,lightgreen
176,224,144,lightgreen
176,224,160,palegreen
176,224,176,silver
176,224,192,silver
176,224,208,powderblue
176,224,224,powderblue
176,224,240,powderblue
176,240,0,greenyellow
176,240,16,greenyellow
176,240,32,greenyellow
176,240,48,greenyellow
176,240,64,greenyellow
176,240,80,greenyellow
176,240,96,greenyellow
176,240,112,lightgreen
176,240,128,palegreen
176,240,144,palegreen
176,240,160,palegreen
176,240,176,palegreen
176,240,192,powderblue
176,240,208,powderblue
176,240,224,paleturquoise
176,240,240,paleturquoise
192,0,0,firebrick
192,0,16,firebrick
192,0,32,firebrick
192,0,48,crimson
192,0,64,crimson
192,0,80,crimson
192,0,96,mediumvioletred
192,0,112,mediumvioletred
192,0,128,mediumvioletred
192,0,144,mediumvioletred
192,0,160,mediumvioletred
192,0,176,mediumvioletred
192,0,192,darkviolet
192,0,208,darkviolet
192,0,224,darkviolet
192,0,240,darkviolet
192,16,0,firebrick
192,16,16,firebrick
192,16,32,firebrick
192,16,48,firebrick
192,16,64,crimson
192,16,80,crimson
192,16,96,mediumvioletred
192,16,112,mediumvioletred
192,16,128,mediumvioletred
192,16,144,mediumvioletred
192,16,160,mediumvioletred
192,16,176,mediumvioletred
192,16,192,darkviolet
192,16,208,darkviolet
192,16,224,darkviolet
192,16,240,darkviolet
192,32,0,firebrick
192,32,16,firebrick
192,32,32,firebrick
192,32,48,firebrick
192,32,64,crimson
192,32,80,crimson
192,32,96,mediumvioletred
192,32,112,mediumvioletred
192,32,128,mediumvioletred
192,32,144,mediumvioletred
192,32,160,mediumvioletred
192,32,176,mediumvioletred
192,32,192,darkorchid
192,32,208,darkorchid
192,32,224,darkorchid
192,32,240,darkorchid
192,48,0,firebrick
192,48,16,firebrick
192,48,32,firebrick
192,48,48,firebrick
192,48,64,brown
192,48,80,crimson
192,48,96,indianred
192,48,112,mediumvioletred
192,48,128,mediumvioletred
192,48,144,mediumvioletred
192,48,160,mediumvioletred
192,48,176,darkorchid
192,48,192,darkorchid
192,48,208,mediumorchid
192,48,224,mediumorchid
192,48,240,mediumorchid
192,64,0,firebrick
192,64,16,firebrick
192,64,32,firebrick
192,64,48,brown
192,64,64,brown
192,64,80,indianred
192,64,96,indianred
192,64,112,indianred
192,64,128,mediumvioletred
192,64,144,mediumvioletred
192,64,160,mediumvioletred
192,64,176,mediumorchid
192,64,192,mediumorchid
192,64,208,mediumorchid
192,64,224,mediumorchid
192,64,240,mediumorchid
192,80,0,chocolate
192,80,16,chocolate
192,80,32,chocolate
192,80,48,sienna
192,80,64,indianred
192,80,80,indianred
192,80,96,indianred
192,80,112,indianred
192,80,128,indianred
192,80,144,palevioletred
192,80,160,palevioletred
192,80,176,mediumorchid
192,80,192,mediumorchid
192,80,208,mediumorchid
192,80,224,mediumorchid
192,80,240,mediumorchid
192,96,0,chocolate
192,96,16,chocolate
192,96,32,chocolate
192,96,48,chocolate
192,96,64,indianred
192,96,80,indianred
192,96,96,indianred
192,96,112,indianred
192,96,128,palevioletred
192,96,144,palevioletred
192,96,160,palevioletred
192,96,176,mediumorchid
192,96,192,mediumorchid
192,96,208,mediumorchid
192,96,224,mediumorchid
192,96,240,mediumorchid
192,112,0,darkgoldenrod
192,112,16,chocolate
192,112,32,chocolate
192,112,48,chocolate
192,112,64,peru
192,112,80,indianred
192,112,96,indianred
192,112,112,indianred
192,112,128,palevioletred
192,112,144,palevioletred
192,112,160,palevioletred
192,112,176,palevioletred
192,112,192,mediumorchid
192,112,208,orchid
192,112,224,orchid
192,112,240,orchid
192,128,0,darkgoldenrod
192,128,16,darkgoldenrod
192,128,32,darkgoldenrod
192,128,48,peru
192,128,64,peru
192,128,80,peru
192,128,96,peru
192,128,112,rosybrown
192,128,128,rosybrown
192,128,144,rosybrown
192,128,160,rosybrown
192,128,176,rosybrown
192,128,192,orchid
192,128,208,orchid
192,128,224,orchid
192,128,240,orchid
192,144,0,darkgoldenrod
192,144,16,darkgoldenrod
192,144,32,darkgoldenrod
192,144,48,peru
192,144,64,peru
192,144,80,peru
192,144,96,peru
192,144,112,rosybrown
192,144,128,rosybrown
192,144,144,rosybrown
192,144,160,rosybrown
192,144,176,rosybrown
192,144,192,darkgray
192,144,208,plum
192,144,224,plum
192,144,240,plum
192,160,0,darkgoldenrod
192,160,16,darkgoldenrod
192,160,32,goldenrod
192,160,48,goldenrod
192,160,64,peru
192,160,80,peru
192,160,96,darkkhaki
192,160,112,darkkhaki
192,160,128,rosybrown
192,160,144,rosybrown
192,160,160,rosybrown
192,160,176,darkgray
192,160,192,silver
192,160,208,plum
192,160,224,plum
192,160,240,plum
192,176,0,goldenrod
192,176,16,goldenrod
192,176,32,goldenrod
192,176,48,goldenrod
192,176,64,goldenrod
192,176,80,darkkhaki
192,176,96,darkkhaki
192,176,112,darkkhaki
192,176,128,tan
192,176,144,tan
192,176,160,darkgray
192,176,176,silver
192,176,192,silver
192,176,208,silver
192,176,224,lightsteelblue
192,176,240,lightsteelblue
192,192,0,goldenrod
192,192,16,goldenrod
192,192,32,goldenrod
192,192,48,yellowgreen
192,192,64,yellowgreen
192,192,80,darkkhaki
192,192,96,darkkhaki
192,192,112,darkkhaki
192,192,128,darkkhaki
192,192,144,tan
192,192,160,tan
192,192,176,silver
192,192,192,silver
192,192,208,silver
192,192,224,lightsteelblue
192,192,240,lightsteelblue
192,208,0,goldenrod
192,208,16,yellowgreen
192,208,32,yellowgreen
192,208,48,yellowgreen
192,208,64,yellowgreen
192,208,80,darkkhaki
192,208,96,darkkhaki
192,208,112,darkkhaki
192,208,128,darkkhaki
192,208,144,tan
192,208,160,silver
192,208,176,silver
192,208,192,silver
192,208,208,lightgrey
192,208,224,lightsteelblue
192,208,240,lightblue
192,224,0,greenyellow
192,224,16,greenyellow
192,224,32,greenyellow
192,224,48,greenyellow
192,224,64,greenyellow
192,224,80,greenyellow
192,224,96,darkkhaki
192,224,112,darkkhaki
192,224,128,darkkhaki
192,224,144,tan
192,224,160,silver
192,224,176,silver
192,224,192,lightgrey
192,224,208,lightgrey
192,224,224,powderblue
192,224,240,powderblue
192,240,0,greenyellow
192,240,16,greenyellow
192,240,32,greenyellow
192,240,48,greenyellow
192,240,64,greenyellow
192,240,80,greenyellow
192,240,96,greenyellow
192,240,112,khaki
192,240,128,palegreen
192,240,144,palegreen
192,240,160,palegreen
192,240,176,palegoldenrod
192,240,192,lightgrey
192,240,208,powderblue
192,240,224,paleturquoise
192,240,240,paleturquoise
208,0,0,red
208,0,16,firebrick
208,0,32,crimson
208,0,48,crimson
208,0,64,crimson
208,0,80,crimson
208,0,96,crimson
208,0,112,mediumvioletred
208,0,128,mediumvioletred
208,0,144,mediumvioletred
208,0,160,mediumvioletred
208,0,176,mediumvioletred
208,0,192,darkviolet
208,0,208,darkviolet
208,0,224,fuchsia
208,0,240,fuchsia
208,16,0,firebrick
208,16,16,firebrick
208,16,32,crimson
208,16,48,crimson
208,16,64,crimson
208,16,80,crimson
208,16,96,crimson
208,16,112,mediumvioletred
208,16,128,mediumvioletred
208,16,144,mediumvioletred
208,16,160,mediumvioletred
208,16,176,mediumvioletred
208,16,192,mediumvioletred
208,16,208,darkviolet
208,16,224,fuchsia
208,16,240,fuchsia
208,32,0,firebrick
208,32,16,firebrick
208,32,32,firebrick
208,32,48,crimson
208,32,64,crimson
208,32,80,crimson
208,32,96,mediumvioletred
208,32,112,mediumvioletred
208,32,128,mediumvioletred
208,32,144,mediumvioletred
208,32,160,mediumvioletred
208,32,176,mediumvioletred
208,32,192,darkorchid
208,32,208,mediumorchid
208,32,224,mediumorchid
208,32,240,fuchsia
208,48,0,firebrick
208,48,16,firebrick
208,48,32,firebrick
208,48,48,crimson
208,48,64,crimson
208,48,80,crimson
208,48,96,indianred
208,48,112,mediumvioletred
208,48,128,mediumvioletred
208,48,144,mediumvioletred
208,48,160,mediumvioletred
208,48,176,mediumvioletred
208,48,192,mediumorchid
208,48,208,mediumorchid
208,48,224,mediumorchid
208,48,240,mediumorchid
208,64,0,orangered
208,64,16,chocolate
208,64,32,chocolate
208,64,48,firebrick
208,64,64,indianred
208,64,80,indianred
208,64,96,indianred
208,64,112,indianred
208,64,128,mediumvioletred
208,64,144,mediumvioletred
208,64,160,palevioletred
208,64,176,mediumorchid
208,64,192,mediumorchid
208,64,208,mediumorchid
208,64,224,mediumorchid
208,64,240,mediumorchid
208,80,0,chocolate
208,80,16,chocolate
208,80,32,chocolate
208,80,48,chocolate
208,80,64,indianred
208,80,80,indianred
208,80,96,indianred
208,80,112,indianred
208,80,128,indianred
208,80,144,palevioletred
208,80,160,palevioletred
208,80,176,mediumorchid
208,80,192,mediumorchid
208,80,208,mediumorchid
208,80,224,mediumorchid
208,80,240,mediumorchid
208,96,0,chocolate
208,96,16,chocolate
208,96,32,chocolate
208,96,48,chocolate
208,96,64,indianred
208,96,80,indianred
208,96,96,indianred
208,96,112,indianred
208,96,128,palevioletred
208,96,144,palevioletred
208,96,160,palevioletred
208,96,176,palevioletred
208,96,192,orchid
208,96,208,orchid
208,96,224,orchid
208,96,240,orchid
208,112,0,chocolate
208,112,16,chocolate
208,112,32,chocolate
208,112,48,chocolate
208,112,64,peru
208,112,80,indianred
208,112,96,indianred
208,112,112,indianred
208,112,128,palevioletred
208,112,144,palevioletred
208,112,160,palevioletred
208,112,176,palevioletred
208,112,192,orchid
208,112,208,orchid
208,112,224,orchid
208,112,240,orchid
208,128,0,darkgoldenrod
208,128,16,darkgoldenrod
208,128,32,chocolate
208,128,48,peru
208,128,64,peru
208,128,80,peru
208,128,96,peru
208,128,112,darksalmon
208,128,128,palevioletred
208,128,144,palevioletred
208,128,160,palevioletred
208,128,176,palevioletred
208,128,192,orchid
208,128,208,orchid
208,128,224,orchid
208,128,240,violet
208,144,0,darkgoldenrod
208,144,16,darkgoldenrod
208,144,32,goldenrod
208,144,48,peru
208,144,64,peru
208,144,80,peru
208,144,96,peru
208,144,112,darksalmon
208,144,128,rosybrown
208,144,144,rosybrown
208,144,160,rosybrown
208,144,176,rosybrown
208,144,192,plum
208,144,208,plum
208,144,224,plum
208,144,240,plum
208,160,0,goldenrod
208,160,16,goldenrod
208,160,32,goldenrod
208,160,48,goldenrod
208,160,64,peru
208,160,80,peru
208,160,96,darkkhaki
208,160,112,darksalmon
208,160,128,tan
208,160,144,tan
208,160,160,tan
208,160,176,silver
208,160,192,plum
208,160,208,plum
208,160,224,plum
208,160,240,plum
208,176,0,goldenrod
208,176,16,goldenrod
208,176,32,goldenrod
208,176,48,goldenrod
208,176,64,goldenrod
208,176,80,darkkhaki
208,176,96,darkkhaki
208,176,112,darkkhaki
208,176,128,tan
208,176,144,tan
208,176,160,tan
208,176,176,silver
208,176,192,silver
208,176,208,thistle
208,176,224,thistle
208,176,240,plum
208,192,0,goldenrod
208,192,16,goldenrod
208,192,32,goldenrod
208,192,48,goldenrod
208,192,64,goldenrod
208,192,80,darkkhaki
208,192,96,darkkhaki
208,192,112,darkkhaki
208,192,128,tan
208,192,144,tan
208,192,160,tan
208,192,176,silver
208,192,192,silver
208,192,208,thistle
208,192,224,thistle
208,192,240,thistle
208,208,0,gold
208,208,16,goldenrod
208,208,32,goldenrod
208,208,48,goldenrod
208,208,64,darkkhaki
208,208,80,darkkhaki
208,208,96,darkkhaki
208,208,112,darkkhaki
208,208,128,burlywood
208,208,144,tan
208,208,160,tan
208,208,176,silver
208,208,192,lightgrey
208,208,208,lightgrey
208,208,224,lightgrey
208,208,240,gainsboro
208,224,0,gold
208,224,16,gold
208,224,32,greenyellow
208,224,48,greenyellow
208,224,64,greenyellow
208,224,80,darkkhaki
208,224,96,darkkhaki
208,224,112,khaki
208,224,128,khaki
208,224,144,khaki
208,224,160,palegoldenrod
208,224,176,palegoldenrod
208,224,192,lightgrey
208,224,208,lightgrey
208,224,224,gainsboro
208,224,240,gainsboro
208,240,0,yellow
208,240,16,greenyellow
208,240,32,greenyellow
208,240,48,greenyellow
208,240,64,greenyellow
208,240,80,greenyellow
208,240,96,khaki
208,240,112,khaki
208,240,128,khaki
208,240,144,khaki
208,240,160,palegoldenrod
208,240,176,palegoldenrod
208,240,192,lightgrey
208,240,208,gainsboro
208,240,224,gainsboro
208,240,240,lavender
224,0,0,red
224,0,16,red
224,0,32,crimson
224,0,48,crimson
224,0,64,crimson
224,0,80,crimson
224,0,96,crimson
224,0,112,mediumvioletred
224,0,128,mediumvioletred
224,0,144,mediumvioletred
224,0,160,deeppink
224,0,176,deeppink
224,0,192,deeppink
224,0,208,fuchsia
224,0,224,fuchsia
224,0,240,fuchsia
224,16,0,red
224,16,16,red
224,16,32,crimson
224,16,48,crimson
224,16,64,crimson
224,16,80,crimson
224,16,96,crimson
224,16,112,mediumvioletred
224,16,128,mediumvioletred
224,16,144,mediumvioletred
224,16,160,deeppink
224,16,176,deeppink
224,16,192,deeppink
224,16,208,fuchsia
224,16,224,fuchsia
224,16,240,fuchsia
224,32,0,red
224,32,16,crimson
224,32,32,crimson
224,32,48,crimson
224,32,64,crimson
224,32,80,crimson
224,32,96,crimson
224,32,112,mediumvioletred
224,32,128,mediumvioletred
224,32,144,mediumvioletred
224,32,160,deeppink
224,32,176,deeppink
224,32,192,deeppink
224,32,208,fuchsia
224,32,224,fuchsia
224,32,240,fuchsia
224,48,0,orangered
224,48,16,orangered
224,48,32,crimson
224,48,48,crimson
224,48,64,crimson
224,48,80,crimson
224,48,96,crimson
224,48,112,mediumvioletred
224,48,128,mediumvioletred
224,48,144,mediumvioletred
224,48,160,deeppink
224,48,176,deeppink
224,48,192,mediumorchid
224,48,208,mediumorchid
224,48,224,mediumorchid
224,48,240,fuchsia
224,64,0,orangered
224,64,16,orangered
224,64,32,chocolate
224,64,48,crimson
224,64,64,indianred
224,64,80,indianred
224,64,96,indianred
224,64,112,indianred
224,64,128,indianred
224,64,144,palevioletred
224,64,160,palevioletred
224,64,176,hotpink
224,64,192,mediumorchid
224,64,208,mediumorchid
224,64,224,mediumorchid
224,64,240,mediumorchid
224,80,0,orangered
224,80,16,chocolate
224,80,32,chocolate
224,80,48,chocolate
224,80,64,indianred
224,80,80,indianred
224,80,96,indianred
224,80,112,indianred
224,80,128,palevioletred
224,80,144,palevioletred
224,80,160,palevioletred
224,80,176,hotpink
224,80,192,orchid
224,80,208,orchid
224,80,224,orchid
224,80,240,orchid
224,96,0,chocolate
224,96,16,chocolate
224,96,32,chocolate
224,96,48,chocolate
224,96,64,tomato
224,96,80,indianred
224,96,96,indianred
224,96,112,indianred
224,96,128,palevioletred
224,96,144,palevioletred
224,96,160,palevioletred
224,96,176,hotpink
224,96,192,orchid
224,96,208,orchid
224,96,224,orchid
224,96,240,orchid
224,112,0,chocolate
224,112,16,chocolate
224,112,32,chocolate
224,112,48,chocolate
224,112,64,peru
224,112,80,indianred
224,112,96,indianred
224,112,112,lightcoral
224,112,128,palevioletred
224,112,144,palevioletred
224,112,160,palevioletred
224,112,176,palevioletred
224,112,192,orchid
224,112,208,orchid
224,112,224,orchid
224,112,240,violet
224,128,0,darkorange
224,128,16,chocolate
224,128,32,chocolate
224,128,48,peru
224,128,64,peru
224,128,80,peru
224,128,96,salmon
224,128,112,lightcoral
224,128,128,lightcoral
224,128,144,palevioletred
224,128,160,palevioletred
224,128,176,palevioletred
224,128,192,orchid
224,128,208,orchid
224,128,224,orchid
224,128,240,violet
224,144,0,darkorange
224,144,16,goldenrod
224,144,32,goldenrod
224,144,48,peru
224,144,64,peru
224,144,80,peru
224,144,96,darksalmon
224,144,112,darksalmon
224,144,128,darksalmon
224,144,144,darksalmon
224,144,160,palevioletred
224,144,176,palevioletred
224,144,192,plum
224,144,208,plum
224,144,224,plum
224,144,240,violet
224,160,0,orange
224,160,16,goldenrod
224,160,32,goldenrod
224,160,48,goldenrod
224,160,64,goldenrod
224,160,80,sandybrown
224,160,96,sandybrown
224,160,112,darksalmon
224,160,128,darksalmon
224,160,144,tan
224,160,160,tan
224,160,176,lightpink
224,160,192,plum
224,160,208,plum
224,160,224,plum
224,160,240,plum
224,176,0,orange
224,176,16,goldenrod
224,176,32,goldenrod
224,176,48,goldenrod
224,176,64,goldenrod
224,176,80,sandybrown
224,176,96,sandybrown
224,176,112,burlywood
224,176,128,burlywood
224,176,144,burlywood
224,176,160,tan
224,176,176,lightpink
224,176,192,thistle
224,176,208,thistle
224,176,224,plum
224,176,240,plum
224,192,0,gold
224,192,16,goldenrod
224,192,32,goldenrod
224,192,48,goldenrod
224,192,64,goldenrod
224,192,80,sandybrown
224,192,96,sandybrown
224,192,112,burlywood
224,192,128,burlywood
224,192,144,burlywood
224,192,160,burlywood
224,192,176,silver
224,192,192,thistle
224,192,208,thistle
224,192,224,thistle
224,192,240,thistle
224,208,0,gold
224,208,16,gold
224,208,32,goldenrod
224,208,48,goldenrod
224,208,64,goldenrod
224,208,80,darkkhaki
224,208,96,darkkhaki
224,208,112,burlywood
224,208,128,burlywood
224,208,144,burlywood
224,208,160,palegoldenrod
224,208,176,wheat
224,208,192,lightgrey
224,208,208,lightgrey
224,208,224,gainsboro
224,208,240,gainsboro
224,224,0,gold
224,224,16,gold
224,224,32,gold
224,224,48,gold
224,224,64,greenyellow
224,224,80,darkkhaki
224,224,96,khaki
224,224,112,khaki
224,224,128,khaki
224,224,144,khaki
224,224,160,palegoldenrod
224,224,176,palegoldenrod
224,224,192,wheat
224,224,208,gainsboro
224,224,224,gainsboro
224,224,240,lavender
224,240,0,yellow
224,240,16,yellow
224,240,32,yellow
224,240,48,greenyellow
224,240,64,greenyellow
224,240,80,greenyellow
224,240,96,khaki
224,240,112,khaki
224,240,128,khaki
224,240,144,khaki
224,240,160,palegoldenrod
224,240,176,palegoldenrod
224,240,192,palegoldenrod
224,240,208,gainsboro
224,240,224,gainsboro
224,240,240,lavender
240,0,0,red
240,0,16,red
240,0,32,red
240,0,48,crimson
240,0,64,crimson
240,0,80,crimson
240,0,96,crimson
240,0,112,deeppink
240,0,128,deeppink
240,0,144,deeppink
240,0,160,deeppink
240,0,176,deeppink
240,0,192,deeppink
240,0,208,fuchsia
240,0,224,fuchsia
240,0,240,fuchsia
240,16,0,red
240,16,16,red
240,16,32,crimson
240,16,48,crimson
240,16,64,crimson
240,16,80,crimson
240,16,96,crimson
240,16,112,deeppink
240,16,128,deeppink
240,16,144,deeppink
240,16,160,deeppink
240,16,176,deeppink
240,16,192,deeppink
240,16,208,fuchsia
240,16,224,fuchsia
240,16,240,fuchsia
240,32,0,red
240,32,16,red
240,32,32,crimson
240,32,48,crimson
240,32,64,crimson
240,32,80,crimson
240,32,96,crimson
240,32,112,deeppink
240,32,128,deeppink
240,32,144,deeppink
240,32,160,deeppink
240,32,176,deeppink
240,32,192,deeppink
240,32,208,fuchsia
240,32,224,fuchsia
240,32,240,fuchsia
240,48,0,orangered
240,48,16,orangered
240,48,32,orangered
240,48,48,crimson
240,48,64,crimson
240,48,80,crimson
240,48,96,crimson
240,48,112,deeppink
240,48,128,deeppink
240,48,144,deeppink
240,48,160,deeppink
240,48,176,deeppink
240,48,192,deeppink
240,48,208,hotpink
240,48,224,fuchsia
240,48,240,fuchsia
240,64,0,orangered
240,64,16,orangered
240,64,32,orangered
240,64,48,tomato
240,64,64,tomato
240,64,80,tomato
240,64,96,indianred
240,64,112,indianred
240,64,128,deeppink
240,64,144,deeppink
240,64,160,hotpink
240,64,176,hotpink
240,64,192,hotpink
240,64,208,hotpink
240,64,224,orchid
240,64,240,orchid
240,80,0,orangered
240,80,16,orangered
240,80,32,orangered
240,80,48,tomato
240,80,64,tomato
240,80,80,tomato
240,80,96,tomato
240,80,112,indianred
240,80,128,palevioletred
240,80,144,palevioletred
240,80,160,hotpink
240,80,176,hotpink
240,80,192,hotpink
240,80,208,orchid
240,80,224,orchid
240,80,240,orchid
240,96,0,orangered
240,96,16,chocolate
240,96,32,chocolate
240,96,48,tomato
240,96,64,tomato
240,96,80,tomato
240,96,96,tomato
240,96,112,salmon
240,96,128,lightcoral
240,96,144,palevioletred
240,96,160,hotpink
240,96,176,hotpink
240,96,192,hotpink
240,96,208,orchid
240,96,224,orchid
240,96,240,violet
240,112,0,darkorange
240,112,16,chocolate
240,112,32,chocolate
240,112,48,tomato
240,112,64,tomato
240,112,80,coral
240,112,96,salmon
240,112,112,salmon
240,112,128,lightcoral
240,112,144,lightcoral
240,112,160,hotpink
240,112,176,hotpink
240,112,192,hotpink
240,112,208,orchid
240,112,224,violet
240,112,240,violet
240,128,0,darkorange
240,128,16,darkorange
240,128,32,darkorange
240,128,48,coral
240,128,64,coral
240,128,80,coral
240,128,96,salmon
240,128,112,salmon
240,128,128,lightcoral
240,128,144,lightcoral
240,128,160,palevioletred
240,128,176,hotpink
240,128,192,hotpink
240,128,208,orchid
240,128,224,violet
240,128,240,violet
240,144,0,darkorange
240,144,16,darkorange
240,144,32,goldenrod
240,144,48,goldenrod
240,144,64,coral
240,144,80,coral
240,144,96,sandybrown
240,144,112,darksalmon
240,144,128,darksalmon
240,144,144,lightcoral
240,144,160,lightcoral
240,144,176,hotpink
240,144,192,plum
240,144,208,plum
240,144,224,violet
240,144,240,violet
240,160,0,orange
240,160,16,orange
240,160,32,goldenrod
240,160,48,goldenrod
240,160,64,sandybrown
240,160,80,sandybrown
240,160,96,sandybrown
240,160,112,darksalmon
240,160,128,darksalmon
240,160,144,darksalmon
240,160,160,burlywood
240,160,176,lightpink
240,160,192,lightpink
240,160,208,plum
240,160,224,plum
240,160,240,plum
240,176,0,orange
240,176,16,orange
240,176,32,goldenrod
240,176,48,goldenrod
240,176,64,sandybrown
240,176,80,sandybrown
240,176,96,sandybrown
240,176,112,sandybrown
240,176,128,burlywood
240,176,144,burlywood
240,176,160,burlywood
240,176,176,lightpink
240,176,192,lightpink
240,176,208,lightpink
240,176,224,plum
240,176,240,plum
240,192,0,gold
240,192,16,gold
240,192,32,goldenrod
240,192,48,goldenrod
240,192,64,sandybrown
240,192,80,sandybrown
240,192,96,sandybrown
240,192,112,burlywood
240,192,128,burlywood
240,192,144,burlywood
240,192,160,burlywood
240,192,176,lightpink
240,192,192,lightpink
240,192,208,pink
240,192,224,thistle
240,192,240,thistle
240,208,0,gold
240,208,16,gold
240,208,32,gold
240,208,48,gold
240,208,64,sandybrown
240,208,80,sandybrown
240,208,96,sandybrown
240,208,112,khaki
240,208,128,khaki
240,208,144,khaki
240,208,160,wheat
240,208,176,wheat
240,208,192,peachpuff
240,208,208,pink
240,208,224,gainsboro
240,208,240,lavender
240,224,0,gold
240,224,16,gold
240,224,32,gold
240,224,48,gold
240,224,64,gold
240,224,80,khaki
240,224,96,khaki
240,224,112,khaki
240,224,128,khaki
240,224,144,khaki
240,224,160,palegoldenrod
240,224,176,wheat
240,224,192,wheat
240,224,208,antiquewhite
240,224,224,mistyrose
240,224,240,lavender
240,240,0,yellow
240,240,16,yellow
240,240,32,yellow
240,240,48,yellow
240,240,64,yellow
240,240,80,khaki
240,240,96,khaki
240,240,112,khaki
240,240,128,khaki
240,240,144,khaki
240,240,160,palegoldenrod
240,240,176,palegoldenrod
240,240,192,bisque
240,240,208,antiquewhite
240,240,224,beige
240,240,240,whitesmoke
